sample_id,category,bvid,aid,page_url,canonical_bv_url,part_index,title,content_origin_platform,source_duration_seconds,pretrim_start_seconds,pretrim_end_seconds,pretrim_requested_duration_seconds,pretrim_effective_end_from_reported_duration_seconds,pretrim_effective_duration_from_reported_duration_seconds,num_tasks
AA0001,多人PK,BV11Co6BeEZ2,116474228244654,https://www.bilibili.com/video/av116474228244654,https://www.bilibili.com/video/BV11Co6BeEZ2,1,4.26 小夜 生日会（拆礼物没录）,douyin,2830,420,1680,1260,1680,1260,3
AA0002,多人PK,BV11jdbB8EiK,116412504939511,https://www.bilibili.com/video/av116412504939511,https://www.bilibili.com/video/BV11jdbB8EiK,1,姐妹局 连麦惩罚全过程,douyin,1866,600,1200,600,1200,600,3
AA0003,多人PK,BV125oqBoE1T,116472483482448,https://www.bilibili.com/video/av116472483482448,https://www.bilibili.com/video/BV125oqBoE1T,1,外星人zqz#朱庆哲绽放季地区总决赛直播录屏4-26（晚P3）,douyin,7330,3600,5400,1800,5400,1800,4
AA0004,多人PK,BV12NtfzwEaG,115016170801853,https://www.bilibili.com/video/av115016170801853,https://www.bilibili.com/video/BV12NtfzwEaG,1,T.阿布ᴮᵁ—––个播录屏 25.08.11 聊天 打野 连麦pk 活动守塔,douyin,14391,0,1800,1800,1800,1800,3
AA0005,多人PK,BV12gR9YMELz,114283090416731,https://www.bilibili.com/video/av114283090416731,https://www.bilibili.com/video/BV12gR9YMELz,1,【菠萝咕噜肉】打野遇到一个美女，菠萝咕噜肉、冰糖双人PK连麦直播录屏cut2025.4.4,douyin,888,0,888,888,888,888,2
AA0006,多人PK,BV12ko6BNEG3,116474580568788,https://www.bilibili.com/video/av116474580568788,https://www.bilibili.com/video/BV12ko6BNEG3,1,1234886直播回放2026年4月25日,douyin,2634,420,1620,1200,1620,1200,2
AA0007,多人PK,BV1396iBWE4v,115984450984529,https://www.bilibili.com/video/av115984450984529,https://www.bilibili.com/video/BV1396iBWE4v,1,TK海外娱乐直播大型PK现场，对标拆解后能分析出跟DY的PK有什么不同吗,douyin,1193,0,900,900,900,900,3
AA0008,多人PK,BV13HrABcEyv,115862514242719,https://www.bilibili.com/video/av115862514242719,https://www.bilibili.com/video/BV13HrABcEyv,1,安全感满满的两把pk家长来了,douyin,1357,120,1357,1237,1357,1237,4
AA0009,多人PK,BV13QAWz2ESS,116262734727743,https://www.bilibili.com/video/av116262734727743,https://www.bilibili.com/video/BV13QAWz2ESS,1,世纪大战｜鲸鱼视角：小软大哥冲了4000w，医药费每人30w，鲸鱼，狼行，JY，小郭，皮皮朱，三斤，小软日记，,douyin,3465,420,2340,1920,2340,1920,4
AA0010,多人PK,BV13aZcBeEFa,116469883142712,https://www.bilibili.com/video/av116469883142712,https://www.bilibili.com/video/BV13aZcBeEFa,1,【牛肉干干】&迪士尼2v2pk|20260426直播绽放多元季决赛日|中午场完成京颜一的超越后也未能下播|误闯天家|迪姐直接预约28号中午一打三,douyin,1429,120,1380,1260,1380,1260,3
AA0011,多人PK,BV143NnzPEYb,114705305701071,https://www.bilibili.com/video/av114705305701071,https://www.bilibili.com/video/BV143NnzPEYb,1,陈俏俏250618晚9人PK局1,douyin,7216,360,3060,2700,3060,2700,3
AA0012,多人PK,BV14UdLBcEHs,116420960586273,https://www.bilibili.com/video/av116420960586273,https://www.bilibili.com/video/BV14UdLBcEHs,1,4.17直播  元软六恩 IP局 心满意足的大王 小软二分钟上巅峰王者第一 又吃上软饭了,douyin,2007,360,1500,1140,1500,1140,4
AA0013,多人PK,BV14uocBsEkt,116433308614886,https://www.bilibili.com/video/av116433308614886,https://www.bilibili.com/video/BV14uocBsEkt,1,阳兵卓朱小雪连线2026.4.19直播录屏,douyin,2888,360,1800,1440,1800,1440,1
AA0014,多人PK,BV15qovBPEG6,116471409675244,https://www.bilibili.com/video/av116471409675244,https://www.bilibili.com/video/BV15qovBPEG6,1,4.26直播  元崔水 VS 姜贰七（上）总榜  元元首翻近百万 全场最高分,douyin,1588,300,1140,840,1140,840,4
AA0015,多人PK,BV163DyBnE6X,116387104162350,https://www.bilibili.com/video/av116387104162350,https://www.bilibili.com/video/BV163DyBnE6X,1,【鲸鱼vs迪士尼】20260411直播连麦PK,douyin,4948,0,1800,1800,1800,1800,4
AA0016,多人PK,BV168oqB2Ee3,116472114387010,https://www.bilibili.com/video/av116472114387010,https://www.bilibili.com/video/BV168oqB2Ee3,1,三斤.（9237）26.4.27直播录屏（午夜）,douyin,3632,300,2400,2100,2400,2100,3
AA0017,多人PK,BV16KofBkEr8,116469530692490,https://www.bilibili.com/video/av116469530692490,https://www.bilibili.com/video/BV16KofBkEr8,1,260425PK局 (4),douyin,2940,600,2580,1980,2580,1980,3
AA0018,多人PK,BV16P2sBSE7x,115671455308340,https://www.bilibili.com/video/av115671455308340,https://www.bilibili.com/video/BV16P2sBSE7x,1,12.3-12.4凌晨 女人局录屏 金哥爱吃肉 才才 懿中人 麦乐鸡 张北海 宰熊pk惩罚 节目效果炸裂,douyin,1734,420,1734,1314,1734,1314,4
AA0019,多人PK,BV16coRB8EFx,116465772593238,https://www.bilibili.com/video/av116465772593238,https://www.bilibili.com/video/BV16coRB8EFx,1,4.25直播 公会赛T点众人火力强劲 被包围的元元 80W分依旧垫底  大王：等打完比赛一一清算  化悲愤为食欲,douyin,1579,600,1320,720,1320,720,3
AA0020,多人PK,BV17edQB7Ecz,116443240857703,https://www.bilibili.com/video/av116443240857703,https://www.bilibili.com/video/BV17edQB7Ecz,1,4.21直播 元龙姜 VS 控盛铭（一）总榜 四人上百万 小劣势败北 被先下一城,douyin,2043,240,1500,1260,1500,1260,4
AA0021,多人PK,BV17o4y1A7RH,400729880,https://www.bilibili.com/video/av400729880,https://www.bilibili.com/video/BV17o4y1A7RH,1,肘姐四人PK（肘姐：你们能不能别叫了，很聒噪）,douyin,387,0,387,387,387,387,4
AA0022,多人PK,BV183oqBfEK1,116472315647279,https://www.bilibili.com/video/av116472315647279,https://www.bilibili.com/video/BV183oqBfEK1,1,4.26断屏前,douyin,9717,2700,5400,2700,5400,2700,3
AA0023,多人PK,BV18DoqBAEJP,116472164713589,https://www.bilibili.com/video/av116472164713589,https://www.bilibili.com/video/BV18DoqBAEJP,1,共3p4.26-27萨满巅峰赛超燃听潮pk,douyin,13686,10986,13686,2700,13686,2700,4
AA0024,多人PK,BV18ToqBaEmJ,116472365976128,https://www.bilibili.com/video/av116472365976128,https://www.bilibili.com/video/BV18ToqBaEmJ,1,P617 2026.4.26 晚上场【00:00-01:01】三斤.（9237）,douyin,3637,360,1500,1140,1500,1140,3
AA0025,多人PK,BV19UoEBDEcD,116460370266632,https://www.bilibili.com/video/av116460370266632,https://www.bilibili.com/video/BV19UoEBDEcD,1,4.24直播 元软三来 VS 朱阳饶澈（下）榜30 首翻三人上百万 元元火箭溢出 澈清8.4W惊呆众人,douyin,1366,120,1080,960,1080,960,4
AA0026,多人PK,BV19rd7BCEcX,116421531079862,https://www.bilibili.com/video/av116421531079862,https://www.bilibili.com/video/BV19rd7BCEcX,1,三斤.（9237）26.4.17直播录屏（晚2）,douyin,6570,3600,5400,1800,5400,1800,3
AA0027,多人PK,BV1AN4y1A78B,901262736,https://www.bilibili.com/video/av901262736,https://www.bilibili.com/video/BV1AN4y1A78B,1,直播pk,douyin,107,0,107,107,107,107,3
AA0028,多人PK,BV1AadvByEuF,116417185842821,https://www.bilibili.com/video/av116417185842821,https://www.bilibili.com/video/BV1AadvByEuF,1,超长PK局！04.16#开心元元#三斤9237#小软日记#T.徐来#迅猛龙特蕾莎#T.萨满#王不染#孙恩盛,douyin,3223,1800,3600,1800,3223,1423,3
AA0029,多人PK,BV1Am4y1m7jn,697325131,https://www.bilibili.com/video/av697325131,https://www.bilibili.com/video/BV1Am4y1m7jn,1,肘姐四人PK（过程）鱼干一直打断肘姐施法哈哈哈,douyin,980,360,720,360,720,360,3
AA0030,多人PK,BV1Av4y1r7jb,566127667,https://www.bilibili.com/video/av566127667,https://www.bilibili.com/video/BV1Av4y1r7jb,1,肘姐四人PK（上）过程局,douyin,299,0,299,299,299,299,3
AA0031,多人PK,BV1B6dWBBEef,116426530619556,https://www.bilibili.com/video/av116426530619556,https://www.bilibili.com/video/BV1B6dWBBEef,1,4.18直播 三哥皮师二打六  自问自答的元元 全程侧脸直播  三哥后程发力赢得胜利,douyin,1323,240,1020,780,1020,780,3
AA0032,多人PK,BV1BdoBBmEV7,116473590710524,https://www.bilibili.com/video/av116473590710524,https://www.bilibili.com/video/BV1BdoBBmEV7,1,外星人zqz#朱庆哲绽放季地区总决赛直播录屏4-26（晚P2）,douyin,6802,2400,5100,2700,5100,2700,4
AA0033,多人PK,BV1BpSkB3EzJ,115642262883264,https://www.bilibili.com/video/av115642262883264,https://www.bilibili.com/video/BV1BpSkB3EzJ,1,宗门土豆局！百利田和褐色 DL.逃 T.水云汐三个土豆的连线和pk,douyin,1076,360,900,540,900,540,3
AA0034,多人PK,BV1CGfeBEESi,116134271518208,https://www.bilibili.com/video/av116134271518208,https://www.bilibili.com/video/BV1CGfeBEESi,1,［直播录屏］2.25花小雕&斯通直播连麦+pk,douyin,9665,360,3060,2700,3060,2700,1
AA0035,多人PK,BV1Cs4y1K7Y6,953968068,https://www.bilibili.com/video/av953968068,https://www.bilibili.com/video/BV1Cs4y1K7Y6,1,【20230520】多人局出现开通四超帝罕见场面 完整版,douyin,2491,600,1800,1200,1800,1200,3
AA0036,多人PK,BV1D91ZBhEs6,115500881348912,https://www.bilibili.com/video/av115500881348912,https://www.bilibili.com/video/BV1D91ZBhEs6,1,以为会输但最后秒榜的雷公电母局，开心元元和小软日记的闺蜜组合不败战绩延续，这局的血条来回拉锯的真刺激，最后一刻800万秒榜,douyin,1615,720,1615,895,1615,895,3
AA0037,多人PK,BV1DK4y1o7uR,930249376,https://www.bilibili.com/video/av930249376,https://www.bilibili.com/video/BV1DK4y1o7uR,1,ljj和呜呜两人最好笑的两场直播pk（我宣布这两场pk封神）直接笑吐,douyin,3838,420,2160,1740,2160,1740,3
AA0038,多人PK,BV1Dkw3zgEbC,116233827520061,https://www.bilibili.com/video/av116233827520061,https://www.bilibili.com/video/BV1Dkw3zgEbC,1,3.15直播  八人组队总榜 四人上百万 小软后程发力 元：来自闺蜜的安全感  高迪贴脸开大,douyin,1570,120,1140,1020,1140,1020,3
AA0039,多人PK,BV1DsowBAE35,116432419425075,https://www.bilibili.com/video/av116432419425075,https://www.bilibili.com/video/BV1DsowBAE35,1,4.19直播 首次连线陈伯 四人全上百万 边PK边跳舞 美美涨粉 又吃上医药费啦,douyin,1095,420,960,540,960,540,2
AA0040,多人PK,BV1DyffBYExN,116012938692472,https://www.bilibili.com/video/av116012938692472,https://www.bilibili.com/video/BV1DyffBYExN,1,2.4直播  九宫格四打五总榜 恩盛发力守塔 有惊无险拿下 大王手机过热提前离局,douyin,1442,540,1080,540,1080,540,3
AA0041,多人PK,BV1E3ofBuEgz,116469547402289,https://www.bilibili.com/video/av116469547402289,https://www.bilibili.com/video/BV1E3ofBuEgz,1,260425PK局 (5),douyin,3005,180,2880,2700,2880,2700,3
AA0042,多人PK,BV1E5oBB2Ed9,116474043767707,https://www.bilibili.com/video/av116474043767707,https://www.bilibili.com/video/BV1E5oBB2Ed9,1,4.27 陈十仝直播,douyin,4710,960,2700,1740,2700,1740,3
AA0043,多人PK,BV1EGofBBEJY,116469463521413,https://www.bilibili.com/video/av116469463521413,https://www.bilibili.com/video/BV1EGofBBEJY,1,爱睡大觉#惩罚局#抖音部分录屏,douyin,223,0,223,223,223,223,3
AA0044,多人PK,BV1EKdDB2E84,116443928595175,https://www.bilibili.com/video/av116443928595175,https://www.bilibili.com/video/BV1EKdDB2E84,1,2026.4.20 听潮阁T.阴天 晚个播(1),douyin,4063,1500,3300,1800,3300,1800,3
AA0045,多人PK,BV1EYpceSEX1,113079878746553,https://www.bilibili.com/video/av113079878746553,https://www.bilibili.com/video/BV1EYpceSEX1,1,【尹妹】【野洵】大PK主播，尹妹开局破百万，华子满天飞，250w+精彩守塔局,douyin,1429,420,1320,900,1320,900,3
AA0046,多人PK,BV1Ep42197Rh,1852881427,https://www.bilibili.com/video/av1852881427,https://www.bilibili.com/video/BV1Ep42197Rh,1,梵谷随机PK路人  双方互相battle舞技 展示良心 特别搞笑 4.9,douyin,308,0,308,308,308,308,2
AA0047,多人PK,BV1ExwFzpEvD,116210893065014,https://www.bilibili.com/video/av116210893065014,https://www.bilibili.com/video/BV1ExwFzpEvD,1,抖是可以的，一个活动就能看出头部的恐怖，一打八还赢了，全是百万分，有钱人啊,douyin,205,0,205,205,205,205,3
AA0048,多人PK,BV1FDvWeSE2m,112881353885835,https://www.bilibili.com/video/av112881353885835,https://www.bilibili.com/video/BV1FDvWeSE2m,1,全网最赚钱皮套人，PK秒杀抖音一姐！,douyin,98,0,98,98,98,98,2
AA0049,多人PK,BV1FP411m74p,313166513,https://www.bilibili.com/video/av313166513,https://www.bilibili.com/video/BV1FP411m74p,1,【音书】2023.04.28直播切条 - 和白老师PK连麦，大冒险惩罚（高能 爆笑）,douyin,2019,180,1800,1620,1800,1620,3
AA0050,多人PK,BV1Fu7azEEBF,114619037258425,https://www.bilibili.com/video/av114619037258425,https://www.bilibili.com/video/BV1Fu7azEEBF,1,sk五月公会赛神豪之战（具体数字版）,douyin,471,0,471,471,471,471,2
AA0051,多人PK,BV1GEyiYkEU8,113341183822656,https://www.bilibili.com/video/av113341183822656,https://www.bilibili.com/video/BV1GEyiYkEU8,1,tiktok直播pk，日本主播打pk,douyin,133,0,133,133,133,133,4
AA0052,多人PK,BV1GUfuYMEmG,114270222157027,https://www.bilibili.com/video/av114270222157027,https://www.bilibili.com/video/BV1GUfuYMEmG,1,【完整版】全明星阵容的加持 各大主播都来帮龙龙上票 含金量持续上升 阳哥拖家带口和大姐们高消费了直接冲至榜一  太燃了太燃了【迅猛龙特蕾莎/迪士尼在逃公主】,douyin,4667,300,3000,2700,3000,2700,4
AA0053,多人PK,BV1GqoYBxEgV,116453458053810,https://www.bilibili.com/video/av116453458053810,https://www.bilibili.com/video/BV1GqoYBxEgV,1,【章鱼妹】2026.04.22 打完你的打你的 我心里有数,douyin,15978,1200,3900,2700,3900,2700,3
AA0054,多人PK,BV1GuNPzhEqT,116188998798852,https://www.bilibili.com/video/av116188998798852,https://www.bilibili.com/video/BV1GuNPzhEqT,1,3.7阿金小马直播连麦录屏 PK一把文化局 惩罚连带了幽默小艾,douyin,639,0,639,639,639,639,3
AA0055,多人PK,BV1Gzw3zVEnq,116233659813631,https://www.bilibili.com/video/av116233659813631,https://www.bilibili.com/video/BV1Gzw3zVEnq,1,75级神豪VS姐姐回应速配直播间节奏(1),douyin,1097,120,720,600,720,600,4
AA0056,多人PK,BV1H3411K7VW,426061894,https://www.bilibili.com/video/av426061894,https://www.bilibili.com/video/BV1H3411K7VW,1,两零的PK内卷现场，全程欢乐且高能！,douyin,413,0,413,413,413,413,3
AA0057,多人PK,BV1HRobBtETN,116451528743692,https://www.bilibili.com/video/av116451528743692,https://www.bilibili.com/video/BV1HRobBtETN,1,总榜，两个大神一起秒了,douyin,380,0,380,380,380,380,3
AA0058,多人PK,BV1HT421S7pu,1704937042,https://www.bilibili.com/video/av1704937042,https://www.bilibili.com/video/BV1HT421S7pu,1,【5.21满堆连麦pk守塔】连了好多个老师不一一写了。,douyin,5310,3600,5310,1710,5310,1710,3
AA0059,多人PK,BV1Hj411v7M1,449869211,https://www.bilibili.com/video/av449869211,https://www.bilibili.com/video/BV1Hj411v7M1,1,【直播录屏】小沈点心,douyin,1327,300,1020,720,1020,720,3
AA0060,多人PK,BV1Hjo9BhEMu,116466326308582,https://www.bilibili.com/video/av116466326308582,https://www.bilibili.com/video/BV1Hjo9BhEMu,1,余泽20260425晚PK直播  8人局惨败 323温馨暖心聊天趴,douyin,12423,9723,12423,2700,12423,2700,4
AA0061,多人PK,BV1JDoLBXEyf,116460168937616,https://www.bilibili.com/video/av116460168937616,https://www.bilibili.com/video/BV1JDoLBXEyf,1,4.24直播  六人组队总榜  心心背配队成功 小凳子直播的大王 元宝：雷霆坐姿,douyin,1357,360,900,540,900,540,3
AA0062,多人PK,BV1JLQ8BLEFq,116398713996515,https://www.bilibili.com/video/av116398713996515,https://www.bilibili.com/video/BV1JLQ8BLEFq,1,逗死我了这几人  嘴皮子这块 大网红闯入拉圈高端局了【小太阳n/忻是/小胡说/玲爷/孙恩盛/爱睡大觉/亦十二/虚虚小心/小狼卷卷】,douyin,3675,360,2400,2040,2400,2040,4
AA0063,多人PK,BV1JTooBPEqE,116468758877517,https://www.bilibili.com/video/av116468758877517,https://www.bilibili.com/video/BV1JTooBPEqE,1,一加一 26.4.25 pk集锦,douyin,4062,720,2400,1680,2400,1680,3
AA0064,多人PK,BV1JboqB7E7g,116472063986787,https://www.bilibili.com/video/av116472063986787,https://www.bilibili.com/video/BV1JboqB7E7g,1,-26-04-26-“想想辦法4｛醒不過來的飛升”收官之戰,douyin,5474,600,3000,2400,3000,2400,3
AA0065,多人PK,BV1JioTBcEqH,116454582126138,https://www.bilibili.com/video/av116454582126138,https://www.bilibili.com/video/BV1JioTBcEqH,1,4.23直播  元来亦情 四人IP（下）复仇  四人各展才艺 元元一打三 喜提三惩罚 屁股写开心元元笑翻全场,douyin,1565,120,2100,1980,1565,1445,3
AA0066,多人PK,BV1KAobBPEnK,116449750417965,https://www.bilibili.com/video/av116449750417965,https://www.bilibili.com/video/BV1KAobBPEnK,1,拉拉单挑所有接力赛笑死我了 些许狼狈了这帮gay  哈哈哈哈哈【小太阳n/章鱼妹/玲爷/小胡说/D刘大雄/胖胖燃/华华华/钊钊】,douyin,1445,180,1320,1140,1320,1140,3
AA0067,多人PK,BV1KT41117Qv,480993605,https://www.bilibili.com/video/av480993605,https://www.bilibili.com/video/BV1KT41117Qv,1,光局第一次打pk,douyin,979,120,660,540,660,540,4
AA0068,多人PK,BV1KcoBBxEcQ,116473926259783,https://www.bilibili.com/video/av116473926259783,https://www.bilibili.com/video/BV1KcoBBxEcQ,1,2026.4.26♥《呜呜姐直播录屏》,douyin,8707,1200,3900,2700,3900,2700,3
AA0069,多人PK,BV1L8XKBrEfm,116300684727967,https://www.bilibili.com/video/av116300684727967,https://www.bilibili.com/video/BV1L8XKBrEfm,1,三斤总榜哥夫来的太及时了一个字“秒”,douyin,597,0,597,597,597,597,3
AA0070,多人PK,BV1LKorBSEhx,116474312269306,https://www.bilibili.com/video/av116474312269306,https://www.bilibili.com/video/BV1LKorBSEhx,1,2026-04-26上,douyin,20922,3600,6300,2700,6300,2700,4
AA0071,多人PK,BV1LLofBiEno,116469497072888,https://www.bilibili.com/video/av116469497072888,https://www.bilibili.com/video/BV1LLofBiEno,1,260425PK局 (1),douyin,2872,1500,2100,600,2100,600,3
AA0072,多人PK,BV1M1x5zuEA2,115326180134136,https://www.bilibili.com/video/av115326180134136,https://www.bilibili.com/video/BV1M1x5zuEA2,1,小澈也是遇到对手了 十年内无人能理解这场pk,douyin,890,0,890,890,890,890,3
AA0073,多人PK,BV1M5XvBLEZU,116318720296300,https://www.bilibili.com/video/av116318720296300,https://www.bilibili.com/video/BV1M5XvBLEZU,1,【京师宇宙】5678vs控&斤宝20260330PK |总榜榜100千纸鹤助力人数等5局|耿姐百万粉活动|虽败犹荣|“四狼”勇于挑战,douyin,4744,0,2700,2700,2700,2700,3
AA0074,多人PK,BV1MW421c7u9,1851591757,https://www.bilibili.com/video/av1851591757,https://www.bilibili.com/video/BV1MW421c7u9,1,甜姐带Vv出门打PK主播 公主的嘴真让人放心啊 对面小哥哥只能生气气！姐姐们守塔太帅啦！全是嘉年华啊！,douyin,1278,120,1020,900,1020,900,1
AA0075,多人PK,BV1NH4y1L7tJ,1051674934,https://www.bilibili.com/video/av1051674934,https://www.bilibili.com/video/BV1NH4y1L7tJ,1,PK结束前的拉票：偷塔守塔的状态,douyin,130,0,130,130,130,130,4
AA0076,多人PK,BV1NHojBYEtk,116459833592656,https://www.bilibili.com/video/av116459833592656,https://www.bilibili.com/video/BV1NHojBYEtk,1,20260424      【小风】个播录屏   内容:聊天/唱歌/多人pk/唱歌      ps:录屏时候有点忙，没注意到卡了一段,douyin,13795,0,1800,1800,1800,1800,2
AA0077,多人PK,BV1NP4y1E7rL,892876184,https://www.bilibili.com/video/av892876184,https://www.bilibili.com/video/BV1NP4y1E7rL,1,【大哥远】这场pk绝对是爆笑如雷,douyin,160,0,160,160,160,160,3
AA0078,多人PK,BV1NrAFzKERq,116265066694097,https://www.bilibili.com/video/av116265066694097,https://www.bilibili.com/video/BV1NrAFzKERq,1,世纪大战｜小软视角：神豪大哥,douyin,3185,1320,2340,1020,2340,1020,3
AA0079,多人PK,BV1P4vmeWELc,112877260244020,https://www.bilibili.com/video/av112877260244020,https://www.bilibili.com/video/BV1P4vmeWELc,1,零皇903个嘉年华助萱萱拿下五连冠,douyin,274,0,274,274,274,274,4
AA0080,多人PK,BV1PqdDBxEjt,116443593049288,https://www.bilibili.com/video/av116443593049288,https://www.bilibili.com/video/BV1PqdDBxEjt,1,4.21直播 元龙姜 VS 控盛铭（五）榜50  2.8W分 百强第二 亏欠！哥姐们辛苦了！,douyin,1035,120,960,840,960,840,2
AA0081,多人PK,BV1Q9dyBJEbK,116438761215397,https://www.bilibili.com/video/av116438761215397,https://www.bilibili.com/video/BV1Q9dyBJEbK,1,4月20日小鱼个播（直播录屏由“圆滚滚”提供）,douyin,4957,1800,4500,2700,4500,2700,4
AA0082,多人PK,BV1QF411g7vf,298269534,https://www.bilibili.com/video/av298269534,https://www.bilibili.com/video/BV1QF411g7vf,1,正经直播，正常pk,douyin,108,0,108,108,108,108,3
AA0083,多人PK,BV1RDoXB7ECJ,116466611394360,https://www.bilibili.com/video/av116466611394360,https://www.bilibili.com/video/BV1RDoXB7ECJ,1,三斤.（9237）26.4.25直播录屏（晚2）,douyin,4668,0,1200,1200,1200,1200,3
AA0084,多人PK,BV1RM4y1W7ja,913624432,https://www.bilibili.com/video/av913624432,https://www.bilibili.com/video/BV1RM4y1W7ja,1,老白不喝酒和倪海杉打世纪PK！抖音神豪青姐降临直播间直接上100万票？,douyin,1063,60,1020,960,1020,960,3
AA0085,多人PK,BV1RQonB4EFo,116446143184960,https://www.bilibili.com/video/av116446143184960,https://www.bilibili.com/video/BV1RQonB4EFo,1,【4/4】连环PK局! 04.21#开心元元#T.姜添#控#Xy.李傲铭#孙恩盛#迅猛龙特蕾莎,douyin,2130,900,2100,1200,2100,1200,3
AA0086,多人PK,BV1RbZ2BwEAu,116086976548864,https://www.bilibili.com/video/av116086976548864,https://www.bilibili.com/video/BV1RbZ2BwEAu,1,【施展】&【菠萝咕噜肉】“迷宫”小分队相遇在直播间！施展、菠萝咕噜肉、亦航、黄羽轩四人PK连麦直播录屏cut,douyin,700,0,700,700,700,700,3
AA0087,多人PK,BV1RdopBaEoQ,116446931720079,https://www.bilibili.com/video/av116446931720079,https://www.bilibili.com/video/BV1RdopBaEoQ,1,小澈早期9人PK局ts麦乐鸡做惩罚效果拉满,douyin,249,0,249,249,249,249,3
AA0088,多人PK,BV1RhQFBXE4n,116378917013407,https://www.bilibili.com/video/av116378917013407,https://www.bilibili.com/video/BV1RhQFBXE4n,1,抖音顶美恶霸直播录屏,douyin,1007,240,960,720,960,720,3
AA0089,多人PK,BV1RjoiBiEYE,116472919624581,https://www.bilibili.com/video/av116472919624581,https://www.bilibili.com/video/BV1RjoiBiEYE,1,【金昭昭好野】20260426pk小太阳n，玲爷，忻是，亦十二，陈十仝，九六六mio，小鹅，安祺Angel（转盘局 姐姐姐夫表演才艺给大家看的很开心啊）,douyin,5081,900,3600,2700,3600,2700,4
AA0090,多人PK,BV1Rxo7BmEQg,116461209196457,https://www.bilibili.com/video/av116461209196457,https://www.bilibili.com/video/BV1Rxo7BmEQg,1,2026-4-24 晚4 迪士尼在逃公主直播录屏,douyin,6185,2400,5100,2700,5100,2700,3
AA0091,多人PK,BV1SBoMBmELE,116453827151651,https://www.bilibili.com/video/av116453827151651,https://www.bilibili.com/video/BV1SBoMBmELE,1,2026.4.22 T.阴天 晚个播(1),douyin,5953,360,3060,2700,3060,2700,3
AA0092,多人PK,BV1T5oUB4EfB,116462920401472,https://www.bilibili.com/video/av116462920401472,https://www.bilibili.com/video/BV1T5oUB4EfB,1,陈小佳  孟令辉  何秋事  大大怪  土豆4月24/4月25直播录屏,douyin,8103,2160,4860,2700,4860,2700,3
AA0093,多人PK,BV1THQJBhEj1,116409568854131,https://www.bilibili.com/video/av116409568854131,https://www.bilibili.com/video/BV1THQJBhEj1,1,陈泽变为体力主播了，迪士尼撵泽,douyin,1053,0,780,780,780,780,3
AA0094,多人PK,BV1TJoEBrEzo,116460689033828,https://www.bilibili.com/video/av116460689033828,https://www.bilibili.com/video/BV1TJoEBrEzo,1,P615 2026.4.24 晚上场-日常【22:05-23:59】三斤.（9237）,douyin,6865,360,3060,2700,3060,2700,3
AA0095,多人PK,BV1TKQ3BzE33,116402371430254,https://www.bilibili.com/video/av116402371430254,https://www.bilibili.com/video/BV1TKQ3BzE33,1,迪士尼在逃公主vs陈泽传媒，一挑八胜利,douyin,5014,0,2100,2100,2100,2100,2
AA0096,多人PK,BV1TVH5z4Egp,115311030374381,https://www.bilibili.com/video/av115311030374381,https://www.bilibili.com/video/BV1TVH5z4Egp,1,【张笑盈】第三局PK惩罚,douyin,1674,360,1140,780,1140,780,4
AA0097,多人PK,BV1TtWZzXEqy,115413388102252,https://www.bilibili.com/video/av115413388102252,https://www.bilibili.com/video/BV1TtWZzXEqy,1,251021 梵谷又双叒叕加入易燃易爆炸的女人局PK,douyin,4743,0,2700,2700,2700,2700,3
AA0098,多人PK,BV1TwBfB6EoY,115939404153329,https://www.bilibili.com/video/av115939404153329,https://www.bilibili.com/video/BV1TwBfB6EoY,1,史上最具分量的一场pk！ 5分钟赢了大G拿走！双方都吓出了一身冷汗！过程可谓是十分的激烈！,douyin,932,140,580,440,580,440,2
AA0099,多人PK,BV1TxSuBcE3u,115622499321984,https://www.bilibili.com/video/av115622499321984,https://www.bilibili.com/video/BV1TxSuBcE3u,1,【y.Kis】25.11.27晚个播“药kis”连线第6天单独连线➕才艺局➕多人pk开皮惩罚➕你画我猜,douyin,7797,2700,5400,2700,5400,2700,3
AA0100,多人PK,BV1UCodBSEfy,116466863115274,https://www.bilibili.com/video/av116466863115274,https://www.bilibili.com/video/BV1UCodBSEfy,1,20260426T.不不🔮个播---,douyin,3000,360,2700,2340,2700,2340,3
AA0101,多人PK,BV1UEcGeGEXj,113816364915873,https://www.bilibili.com/video/av113816364915873,https://www.bilibili.com/video/BV1UEcGeGEXj,1,ks、许儿、KB、干干pk展馆局，都太有实力了,douyin,1157,90,720,630,720,630,4
AA0102,多人PK,BV1UG41197hy,405551784,https://www.bilibili.com/video/av405551784,https://www.bilibili.com/video/BV1UG41197hy,1,抖音19线主播小妖精PK师姐过程炸裂！！,douyin,1023,120,720,600,720,600,2
AA0103,多人PK,BV1UtdtBAE6K,116410894261595,https://www.bilibili.com/video/av116410894261595,https://www.bilibili.com/video/BV1UtdtBAE6K,1,总榜哥姐都来了，小斤又幸福了,douyin,615,0,615,615,615,615,3
AA0104,多人PK,BV1V1qtYqEMP,113638123900723,https://www.bilibili.com/video/av113638123900723,https://www.bilibili.com/video/BV1V1qtYqEMP,1,12.12世纪PK,douyin,2137,180,2000,1820,2000,1820,4
AA0105,多人PK,BV1V8fCBZEew,116123601207355,https://www.bilibili.com/video/av116123601207355,https://www.bilibili.com/video/BV1V8fCBZEew,1,2026.2.23号 控1 VS 8！太燃了！八控牛！,douyin,3595,600,2100,1500,2100,1500,3
AA0106,多人PK,BV1VRoXB1EFD,116466494019470,https://www.bilibili.com/video/av116466494019470,https://www.bilibili.com/video/BV1VRoXB1EFD,1,三斤.（9237）26.4.25直播录屏（晚1）,douyin,7621,360,3060,2700,3060,2700,2
AA0107,多人PK,BV1VkoqBBELT,116472248535682,https://www.bilibili.com/video/av116472248535682,https://www.bilibili.com/video/BV1VkoqBBELT,1,共2p4.26-27六月巅峰赛超燃PK,douyin,11617,0,2700,2700,2700,2700,4
AA0108,多人PK,BV1VpoPBVEnL,116435422612296,https://www.bilibili.com/video/av116435422612296,https://www.bilibili.com/video/BV1VpoPBVEnL,1,余泽VS关你peace千万秒榜（双视角）,douyin,231,0,231,231,231,231,2
AA0109,多人PK,BV1Vu411P78s,533038197,https://www.bilibili.com/video/av533038197,https://www.bilibili.com/video/BV1Vu411P78s,1,抖音19线小主播小妖精Pk变装特效主播完整版,douyin,659,0,659,659,659,659,3
AA0110,多人PK,BV1Vw411v7N4,321262683,https://www.bilibili.com/video/av321262683,https://www.bilibili.com/video/BV1Vw411v7N4,1,xy.玖贰20230922个播21-23 (守塔pk冲冲冲),douyin,6953,900,3600,2700,3600,2700,3
AA0111,多人PK,BV1WMohBqEpF,116450723368067,https://www.bilibili.com/video/av116450723368067,https://www.bilibili.com/video/BV1WMohBqEpF,1,哏的2026.4.23凌晨档直播回放(400万PK+刺激抓4转盘局),douyin,21757,180,2880,2700,2880,2700,4
AA0112,多人PK,BV1WQo9BiEdd,116465671865053,https://www.bilibili.com/video/av116465671865053,https://www.bilibili.com/video/BV1WQo9BiEdd,1,4.25直播 八人组队总榜  六哥北夜搞笑选人 两人双双破百万 吃凤梨的大王刮破嘴唇 众元宝：小心破伤风,douyin,1586,240,1380,1140,1380,1140,3
AA0113,多人PK,BV1Wb411o7cG,226410241,https://www.bilibili.com/video/av226410241,https://www.bilibili.com/video/BV1Wb411o7cG,1,【鹤楷】2023.3.22 不只是双人直播，是双人连麦pk！欢脱、欢乐、欢声笑语，高能、高甜、全是笑点，大料、小料、还有猛料，磕糖磕到饱，千万别错过,douyin,5744,600,3300,2700,3300,2700,3
AA0114,多人PK,BV1XVrHBEENm,115891589225063,https://www.bilibili.com/video/av115891589225063,https://www.bilibili.com/video/BV1XVrHBEENm,1,寒窑彻底废了今天又请假在家 晓丽已经无话可说了,douyin,637,0,637,637,637,637,4
AA0115,带货,BV1Xif5YDEDu,113878105064956,https://www.bilibili.com/video/av113878105064956,https://www.bilibili.com/video/BV1Xif5YDEDu,1,2024.01.23.02,douyin,1113,0,1113,1113,1113,1113,3
AA0116,多人PK,BV1XrvuebEFT,112871388218472,https://www.bilibili.com/video/av112871388218472,https://www.bilibili.com/video/BV1XrvuebEFT,1,【控直播视角2024.7.29.23:03~1:17②】聊天➕守塔➕PK➕谈心,douyin,7991,360,3060,2700,3060,2700,2
AA0117,多人PK,BV1Y5AxzSENG,116264177572021,https://www.bilibili.com/video/av116264177572021,https://www.bilibili.com/video/BV1Y5AxzSENG,1,三斤组队pk,douyin,3909,360,3060,2700,3060,2700,3
AA0118,多人PK,BV1YVXjBAEeD,116306925854568,https://www.bilibili.com/video/av116306925854568,https://www.bilibili.com/video/BV1YVXjBAEeD,1,慢脚未成年团队佳佳非非打狠pk 趾压板加冰负重跳 疼到哭,douyin,2400,120,1800,1680,1800,1680,3
AA0119,多人PK,BV1YishzxEWX,115418270272538,https://www.bilibili.com/video/av115418270272538,https://www.bilibili.com/video/BV1YishzxEWX,1,10.22直播  神豪近700W分秒榜 惊呆元元,douyin,2918,240,2340,2100,2340,2100,3
AA0120,多人PK,BV1Zm411r7v3,1902142308,https://www.bilibili.com/video/av1902142308,https://www.bilibili.com/video/BV1Zm411r7v3,1,陈泽旭旭宝宝小杨哥大哥远 巅峰PK全过程（弹幕特效版）,douyin,2302,420,1080,660,1080,660,3
AA0121,多人PK,BV1Zno6BJEQg,116474479908813,https://www.bilibili.com/video/av116474479908813,https://www.bilibili.com/video/BV1Zno6BJEQg,1,20260426Hannah连麦答疑直播回放,douyin,9168,300,3000,2700,3000,2700,4
AA0122,多人PK,BV1ZqdkBpEMN,116438308231902,https://www.bilibili.com/video/av116438308231902,https://www.bilibili.com/video/BV1ZqdkBpEMN,1,三斤.（9237）26.4.20直播录屏（晚1）,douyin,7091,540,3240,2700,3240,2700,4
AA0123,多人PK,BV1Zsp6etEkw,112984366058143,https://www.bilibili.com/video/av112984366058143,https://www.bilibili.com/video/BV1Zsp6etEkw,1,8.18【T.麦麦】个播（连线+唱歌+PK扫雷惩罚局+PK才艺局）,douyin,13238,420,3120,2700,3120,2700,1
AA0124,多人PK,BV1ZwdvBPEGw,116415105400897,https://www.bilibili.com/video/av116415105400897,https://www.bilibili.com/video/BV1ZwdvBPEGw,1,迪士尼来陈泽直播间直接秒赢，因惩罚被封,douyin,556,0,556,556,556,556,2
AA0125,多人PK,BV1aHFcemEja,113889798852192,https://www.bilibili.com/video/av113889798852192,https://www.bilibili.com/video/BV1aHFcemEja,1,25.1.25 北夜＆李知恩＆三斤（9237）＆小星期大王 直播连线录屏,douyin,1643,120,900,780,900,780,4
AA0126,多人PK,BV1aisKzJEEw,115401543451265,https://www.bilibili.com/video/av115401543451265,https://www.bilibili.com/video/BV1aisKzJEEw,1,10.19直播  这就是天局吗 瞬间4人上百万 太恐怖了,douyin,1746,240,1680,1440,1680,1440,2
AA0127,多人PK,BV1b3oqBfE5x,116472315642454,https://www.bilibili.com/video/av116472315642454,https://www.bilibili.com/video/BV1b3oqBfE5x,1,念九琴酒雨晴余情四人语音回应录屏（念九直播视角）,douyin,4391,0,2700,2700,2700,2700,3
AA0128,多人PK,BV1b7421R768,1655522048,https://www.bilibili.com/video/av1655522048,https://www.bilibili.com/video/BV1b7421R768,1,萨满&光天翌连麦 打双位数输啦 惩罚满满每句话加一个“萨～～”打三局pk赢了惩罚解除,douyin,1135,240,1080,840,1080,840,4
AA0129,多人PK,BV1bGg9zgEFX,114762180467368,https://www.bilibili.com/video/av114762180467368,https://www.bilibili.com/video/BV1bGg9zgEFX,1,2025.06.29 孙恩盛 三斤 皮皮皮皮朱 陈俏俏直播回放 验资PK最后结果,douyin,147,0,147,147,147,147,4
AA0130,多人PK,BV1bf65YcEKy,113743031702644,https://www.bilibili.com/video/av113743031702644,https://www.bilibili.com/video/BV1bf65YcEKy,1,囚大准备下班却被突然袭击连麦PK上海第一，浙江第一，河南第一，拿下了！！！京师宇宙牛逼！！！！,douyin,981,120,780,660,780,660,4
AA0131,多人PK,BV1c5DABMEvF,116342527101507,https://www.bilibili.com/video/av116342527101507,https://www.bilibili.com/video/BV1c5DABMEvF,1,【金昭昭好野】20260404pk小太阳n，玲爷，小胡说，吕品一，安祺Angel（转盘局 惩罚私人订制）,douyin,5528,840,2700,1860,2700,1860,3
AA0132,多人PK,BV1c9o6BZEKU,116474177979540,https://www.bilibili.com/video/av116474177979540,https://www.bilibili.com/video/BV1c9o6BZEKU,1,【第3场】《“T.开元”团建PK3——总榜》04.26#开心元元#T.姜添#T.七月#T.崔十八#T.张秋水#T.贰万,douyin,1202,180,780,600,780,600,2
AA0133,多人PK,BV1cU4y167WA,687840030,https://www.bilibili.com/video/av687840030,https://www.bilibili.com/video/BV1cU4y167WA,1,20220905 直播间互动＋四人PK,douyin,2199,360,1800,1440,1800,1440,4
AA0134,多人PK,BV1ck4y1W7Dh,741630015,https://www.bilibili.com/video/av741630015,https://www.bilibili.com/video/BV1ck4y1W7Dh,1,如何连麦pk闭麦和关pk,douyin,65,0,65,65,65,65,3
AA0135,多人PK,BV1d9dDBCEB5,116443341391779,https://www.bilibili.com/video/av116443341391779,https://www.bilibili.com/video/BV1d9dDBCEB5,1,4.21直播 元龙姜 VS 控盛铭（二）无声榜100  首翻2W分火箭占齐 最终一千分险胜  扳回一局,douyin,1515,300,1020,720,1020,720,3
AA0136,多人PK,BV1dM4y1p7Pn,913956159,https://www.bilibili.com/video/av913956159,https://www.bilibili.com/video/BV1dM4y1p7Pn,1,杰麟CP/PK/对面视角/230726/皮皮皮皮朱（守塔局）,douyin,619,0,619,619,619,619,4
AA0137,多人PK,BV1dj411F7QF,439678519,https://www.bilibili.com/video/av439678519,https://www.bilibili.com/video/BV1dj411F7QF,1,肘姐四人PK过程（肘姐惩罚戴蒙跳小天鹅舞）,douyin,627,0,627,627,627,627,4
AA0138,多人PK,BV1eBdQBCEaY,116443190397745,https://www.bilibili.com/video/av116443190397745,https://www.bilibili.com/video/BV1eBdQBCEaY,1,全明星阵容：谷依纯联合杨二车娜嫂鸭腿PK宁静，被静姐嫩岛上演姐妹内战 26.4.21,douyin,587,0,587,587,587,587,3
AA0139,多人PK,BV1eF1RYhEhq,113254999266495,https://www.bilibili.com/video/av113254999266495,https://www.bilibili.com/video/BV1eF1RYhEhq,1,精彩又刺激的四人pk,douyin,1391,120,900,780,900,780,3
AA0140,多人PK,BV1eiDtBFEK7,116375662166074,https://www.bilibili.com/video/av116375662166074,https://www.bilibili.com/video/BV1eiDtBFEK7,1,余泽20260409晚PK直播   8人局又来一次标准蛙跳惩罚,douyin,11581,5400,8100,2700,8100,2700,3
AA0141,多人PK,BV1eyojB2Eop,116459514764787,https://www.bilibili.com/video/av116459514764787,https://www.bilibili.com/video/BV1eyojB2Eop,1,4.22PK场下,douyin,5264,900,3600,2700,3600,2700,2
AA0142,多人PK,BV1f1bWehEWm,112772469817955,https://www.bilibili.com/video/av112772469817955,https://www.bilibili.com/video/BV1f1bWehEWm,1,当ay遇到帅哥表演在线变脸,douyin,270,0,270,270,270,270,1
AA0143,多人PK,BV1f2oeBMECS,116471762061171,https://www.bilibili.com/video/av116471762061171,https://www.bilibili.com/video/BV1f2oeBMECS,1,4.26 22～23点个播（还歌 聊天 连老师 和哥嫂连线）,douyin,3791,0,360,360,360,360,3
AA0144,多人PK,BV1fD4y187Ga,733873416,https://www.bilibili.com/video/av733873416,https://www.bilibili.com/video/BV1fD4y187Ga,1,三斤.（9237）22.12.16直播录屏（晚1）,douyin,8397,360,3060,2700,3060,2700,3
AA0145,多人PK,BV1fMofB3ERN,116469513981176,https://www.bilibili.com/video/av116469513981176,https://www.bilibili.com/video/BV1fMofB3ERN,1,260425PK局 (3),douyin,2709,2100,4800,2700,2709,609,3
AA0146,多人PK,BV1fwqaYHEAk,113640271250040,https://www.bilibili.com/video/av113640271250040,https://www.bilibili.com/video/BV1fwqaYHEAk,1,太刺激了，旭旭宝宝一年打一次的年度，PK太猛了，韩茜茜手速都点不过来,douyin,1198,240,1020,780,1020,780,3
AA0147,聊天室,BV1gJ9WYdEY6,114105939661588,https://www.bilibili.com/video/av114105939661588,https://www.bilibili.com/video/BV1gJ9WYdEY6,1,迪士尼 孙恩盛 连麦回应恋爱,douyin,256,0,256,256,256,256,4
AA0148,多人PK,BV1gTXHBkEhj,116292967210407,https://www.bilibili.com/video/av116292967210407,https://www.bilibili.com/video/BV1gTXHBkEhj,1,三斤pk前两把总榜老大哥夫都在,douyin,2696,600,3600,3000,2696,2096,3
AA0149,多人PK,BV1gUovBdEAP,116471007024929,https://www.bilibili.com/video/av116471007024929,https://www.bilibili.com/video/BV1gUovBdEAP,1,【鸣子ymmz7】20260421 抖音直播：鸣苦/海丫头PK颜色争夺战,douyin,2110,360,2100,1740,2100,1740,2
AA0150,多人PK,BV1gWBEBPESy,115758344505944,https://www.bilibili.com/video/av115758344505944,https://www.bilibili.com/video/BV1gWBEBPESy,1,12.21直播  最贵天局 独自陶醉的大王(三）,douyin,1435,420,1320,900,1320,900,3
AA0151,多人PK,BV1gao4BvEbc,116448793990234,https://www.bilibili.com/video/av116448793990234,https://www.bilibili.com/video/BV1gao4BvEbc,1,刚子赢了PK，被对面女主播哄成了胚胎，亲自用小号给对方刷了礼物，,douyin,725,0,725,725,725,725,3
AA0152,游戏,BV1gho4BKE3Q,116448877873075,https://www.bilibili.com/video/av116448877873075,https://www.bilibili.com/video/BV1gho4BKE3Q,1,4.22直播  关键词游戏  懵逼的霖子  聪明的赫兹  我有你没有 蒋哥绝杀 惊呆众人,douyin,2373,180,2160,1980,2160,1980,3
AA0153,多人PK,BV1gvobB3ETf,116449599291412,https://www.bilibili.com/video/av116449599291412,https://www.bilibili.com/video/BV1gvobB3ETf,1,20260422晚jy戴士赛后直播！四神四狼pk三局二胜！最后积分局双陈世纪PK，歪哥把两人的麦同时开着！笑死了！！,douyin,4732,540,3240,2700,3240,2700,2
AA0154,多人PK,BV1hNAQzQEyo,116142374982294,https://www.bilibili.com/video/av116142374982294,https://www.bilibili.com/video/BV1hNAQzQEyo,1,[2026.2.26]PK局,douyin,7738,360,3060,2700,3060,2700,4
AA0155,多人PK,BV1hVvPeVE42,112868468984186,https://www.bilibili.com/video/av112868468984186,https://www.bilibili.com/video/BV1hVvPeVE42,1,花碎花早期直播pk孙一宁唱歌,douyin,304,0,304,304,304,304,3
AA0156,多人PK,BV1hio9B2ECR,116466040964146,https://www.bilibili.com/video/av116466040964146,https://www.bilibili.com/video/BV1hio9B2ECR,1,【哏的皮皮朱炸弹猫鲸鱼】20260423凌晨直播连麦PK|再认识一位地区第一-龙王|弹幕：“狼人杀就是12个人连麦PK抓4”|龙王哏的也见识到小鲸鱼的“尖刀”,douyin,464,0,464,464,464,464,3
AA0157,多人PK,BV1hseiewEqt,112849628169008,https://www.bilibili.com/video/av112849628169008,https://www.bilibili.com/video/BV1hseiewEqt,1,【Xy.圈圈】24.07.25 晚上个播录屏（下）（守塔+pk榜100）,douyin,7087,420,3120,2700,3120,2700,4
AA0158,多人PK,BV1iU9VBvEPG,116326337088539,https://www.bilibili.com/video/av116326337088539,https://www.bilibili.com/video/BV1iU9VBvEPG,1,pk惩罚，旁观者清,douyin,1595,0,1500,1500,1500,1500,3
AA0159,多人PK,BV1jBoqB3E6j,116472030435893,https://www.bilibili.com/video/av116472030435893,https://www.bilibili.com/video/BV1jBoqB3E6j,1,刘聪【小肥肥】青平 PK视角 2026年4月26日,douyin,3489,600,2400,1800,2400,1800,4
AA0160,多人PK,BV1jU21BgEnG,115685497767247,https://www.bilibili.com/video/av115685497767247,https://www.bilibili.com/video/BV1jU21BgEnG,1,开心元元男装天局嘉年华赛pk，三斤800万直接秒榜，这就是年度嘉年华的强度吗,douyin,1144,120,660,540,660,540,4
AA0161,多人PK,BV1jUG7zoE42,114816253498530,https://www.bilibili.com/video/av114816253498530,https://www.bilibili.com/video/BV1jUG7zoE42,1,07-04-2025 22点PK场,douyin,7882,1500,4200,2700,4200,2700,4
AA0162,多人PK,BV1jq421F7Ke,1453274182,https://www.bilibili.com/video/av1453274182,https://www.bilibili.com/video/BV1jq421F7Ke,1,【白黎】白黎4.17个人直播录屏自存。打野+守塔+和小野洋老师+关妙甜老师+zy老师pk,douyin,7659,3600,6000,2400,6000,2400,1
AA0163,多人PK,BV1kBoeBCEba,116471845882400,https://www.bilibili.com/video/av116471845882400,https://www.bilibili.com/video/BV1kBoeBCEba,1,4.26直播 野区再遇小八嘎  抽象火舞表演惊呆众人,douyin,559,0,559,559,559,559,3
AA0164,多人PK,BV1kXoMBMEUV,116453944590588,https://www.bilibili.com/video/av116453944590588,https://www.bilibili.com/video/BV1kXoMBMEUV,1,2026.4.23 T.阴天 0-1点 一轮《无拘》,douyin,288,0,288,288,288,288,4
AA0165,多人PK,BV1kZ421M7S9,1155952099,https://www.bilibili.com/video/av1155952099,https://www.bilibili.com/video/BV1kZ421M7S9,1,【大哥远】迅猛龙老师你很红吗再次贡献名场面你方便吗,douyin,585,0,585,585,585,585,3
AA0166,游戏,BV1kedWBkE1r,116426597732711,https://www.bilibili.com/video/av116426597732711,https://www.bilibili.com/video/BV1kedWBkE1r,1,太搞笑了哈哈哈哈哈哈,douyin,619,0,619,619,619,619,2
AA0167,多人PK,BV1kkoiBUEi8,116472634410508,https://www.bilibili.com/video/av116472634410508,https://www.bilibili.com/video/BV1kkoiBUEi8,1,【金昭昭好野】20260427pk忻是，黄庚依，虚虚小心（才艺局 姐姐姐夫跳舞+桃子唱歌）,douyin,754,0,754,754,754,754,3
AA0168,多人PK,BV1m7miBYE9D,115716216855226,https://www.bilibili.com/video/av115716216855226,https://www.bilibili.com/video/BV1m7miBYE9D,1,蓉姐虽不知12.13什么日子 但经网友提醒直接放弃卖货 棒的嘞,douyin,581,0,581,581,581,581,3
AA0169,多人PK,BV1m84dzWEjJ,114976408734472,https://www.bilibili.com/video/av114976408734472,https://www.bilibili.com/video/BV1m84dzWEjJ,1,“你好主播，我是一名乞丐，您方便刷五瓶啤酒吗？”,douyin,947,1,947,946,947,946,3
AA0170,多人PK,BV1mVxEz2EYd,115327925028253,https://www.bilibili.com/video/av115327925028253,https://www.bilibili.com/video/BV1mVxEz2EYd,1,10.6直播  抖音半壁（上）,douyin,3320,900,2700,1800,2700,1800,1
AA0171,多人PK,BV1mjfJBJEZr,116109055429683,https://www.bilibili.com/video/av116109055429683,https://www.bilibili.com/video/BV1mjfJBJEZr,1,抖喑流水前十+全网顶流主播+抖喑PK一姐+前抖喑一姐，阵容恐怖如斯啊～,douyin,388,0,388,388,388,388,4
AA0172,多人PK,BV1mzdaB3E1x,116414585246170,https://www.bilibili.com/video/av116414585246170,https://www.bilibili.com/video/BV1mzdaB3E1x,1,2026.4.16晚 陈泽传媒合播 迪士尼在逃公主直播录屏,douyin,8595,2100,4800,2700,4800,2700,3
AA0173,多人PK,BV1n44y1g71X,980943184,https://www.bilibili.com/video/av980943184,https://www.bilibili.com/video/BV1n44y1g71X,1,沙一汀dy7次紧张爆笑（尴尬）随机连麦pk+被多次拒绝后的狂怒…头笑掉了要,douyin,687,0,687,687,687,687,2
AA0174,多人PK,BV1nEdfB6Evb,116432100655779,https://www.bilibili.com/video/av116432100655779,https://www.bilibili.com/video/BV1nEdfB6Evb,1,4.19直播 六人组队接力总榜  首发元元力战萨满势均力敌 二发Js反超领先21W分 六哥收尾众啦啦队手舞足蹈 莹莹600W分秒榜 无悬念拿下胜利,douyin,1708,659,1559,900,1559,900,3
AA0175,多人PK,BV1nN7nzHEvg,114594022431805,https://www.bilibili.com/video/av114594022431805,https://www.bilibili.com/video/BV1nN7nzHEvg,1,李知恩ks耿许儿羊pk 羊百万分秒榜 吃一条龙的医药费,douyin,1054,240,780,540,780,540,3
AA0176,多人PK,BV1nP411T7qg,306184065,https://www.bilibili.com/video/av306184065,https://www.bilibili.com/video/BV1nP411T7qg,1,明星直播状态：舞蹈+rap？他们给的实在太多了…,douyin,115,0,115,115,115,115,3
AA0177,多人PK,BV1nY4bzqEfh,115373340887203,https://www.bilibili.com/video/av115373340887203,https://www.bilibili.com/video/BV1nY4bzqEfh,1,10.14直播  恐怖 一局PK包揽百强前四,douyin,2126,120,1800,1680,1800,1680,4
AA0178,多人PK,BV1nkizY5EZe,113606733596474,https://www.bilibili.com/video/av113606733596474,https://www.bilibili.com/video/BV1nkizY5EZe,1,【陈人李】（feat.圈圈，小郭）【Ks×牛肉干干×圈圈×郭小炜】20241206年度区县赛小郭守塔连麦PK,douyin,488,0,488,488,488,488,4
AA0179,多人PK,BV1o2oRBZEUL,116467215369914,https://www.bilibili.com/video/av116467215369914,https://www.bilibili.com/video/BV1o2oRBZEUL,1,共3p4.25-26徐来巅峰赛超燃pk,douyin,13756,600,3300,2700,3300,2700,4
AA0180,多人PK,BV1oXoeBPEPA,116471963386508,https://www.bilibili.com/video/av116471963386508,https://www.bilibili.com/video/BV1oXoeBPEPA,1,【听潮阁·凌音】[白黎]2026.04.26晚22-24.15个播（连麦PK，继续冲！）,douyin,8219,1200,3900,2700,3900,2700,1
AA0181,多人PK,BV1okmiBjEvX,115718095967048,https://www.bilibili.com/video/av115718095967048,https://www.bilibili.com/video/BV1okmiBjEvX,1,2025连麦PK世纪大战,douyin,132,0,132,132,132,132,2
AA0182,多人PK,BV1orAWzpEVi,116263120537658,https://www.bilibili.com/video/av116263120537658,https://www.bilibili.com/video/BV1orAWzpEVi,1,【jy戴士】世纪PK VS 皮皮朱+三斤+小软！榜100嘉年华！千纸鹤破纪录！PK奖励跟我们赢了一样！(京城大师赛赛后直播回放),douyin,4300,360,3060,2700,3060,2700,3
AA0183,多人PK,BV1p2oSBWEpM,116464061254431,https://www.bilibili.com/video/av116464061254431,https://www.bilibili.com/video/BV1p2oSBWEpM,1,2026.4.23 T.阴天 晚个播,douyin,4856,600,3300,2700,3300,2700,3
AA0184,多人PK,BV1qGfxBjE3G,116128516939489,https://www.bilibili.com/video/av116128516939489,https://www.bilibili.com/video/BV1qGfxBjE3G,1,三斤直播录屏1（再见）,douyin,2232,420,1620,1200,1620,1200,3
AA0185,多人PK,BV1qKouBbE6S,116455739756909,https://www.bilibili.com/video/av116455739756909,https://www.bilibili.com/video/BV1qKouBbE6S,1,三斤.（9237）26.4.24直播录屏（午夜）,douyin,8678,360,1800,1440,1800,1440,4
AA0186,多人PK,BV1qvoABLEQL,116433862333648,https://www.bilibili.com/video/av116433862333648,https://www.bilibili.com/video/BV1qvoABLEQL,1,4月19日一只明直播PK对面视角张洵,douyin,4765,360,3060,2700,3060,2700,3
AA0187,多人PK,BV1qvoxBCECS,116449213421711,https://www.bilibili.com/video/av116449213421711,https://www.bilibili.com/video/BV1qvoxBCECS,1,少惹胡说 打野连到mean gay 脑电波秒对接,douyin,186,0,186,186,186,186,4
AA0188,多人PK,BV1rA5ozmEPg,114382545619465,https://www.bilibili.com/video/av114382545619465,https://www.bilibili.com/video/BV1rA5ozmEPg,1,萨满 三斤 十七 不悔“商务局惩罚～情商超高聪明满满”,douyin,666,0,666,666,666,666,2
AA0189,多人PK,BV1rYoTBAEVF,116454548638321,https://www.bilibili.com/video/av116454548638321,https://www.bilibili.com/video/BV1rYoTBAEVF,1,4.23直播  元来亦情 四人IP（上） 入元区的旧情 从头衰到尾 与亦山扫雷挽回颜面 神秘用户哥盖楼不停歇,douyin,2284,420,1920,1500,1920,1500,1
AA0190,多人PK,BV1rg4y1j79H,825240870,https://www.bilibili.com/video/av825240870,https://www.bilibili.com/video/BV1rg4y1j79H,1,PK-氛围守塔,douyin,49,0,49,49,49,49,3
AA0191,多人PK,BV1sC4y1k7QK,794285049,https://www.bilibili.com/video/av794285049,https://www.bilibili.com/video/BV1sC4y1k7QK,1,柚柚cc直播回放 四人pk,douyin,2047,0,1620,1620,1620,1620,3
AA0192,多人PK,BV1sEztBHEfK,115957288667203,https://www.bilibili.com/video/av115957288667203,https://www.bilibili.com/video/BV1sEztBHEfK,1,开心元元榜一百局，五秒首翻300万+，火箭上不了榜，为进前一百而疯狂背刺，魅魔元元名不虚传！,douyin,1408,120,1080,960,1080,960,3
AA0193,多人PK,BV1sf421d7Rt,1204989894,https://www.bilibili.com/video/av1204989894,https://www.bilibili.com/video/BV1sf421d7Rt,1,【T.堆堆 萨满 旧情 贤】最后一把pk守塔，堆堆视角！糖堆集团牛！第16名拿下！5.21号！,douyin,2106,180,1380,1200,1380,1200,2
AA0194,多人PK,BV1sroSBoEY2,116464380019966,https://www.bilibili.com/video/av116464380019966,https://www.bilibili.com/video/BV1sroSBoEY2,1,2026.4.24 T.阴天 晚个播,douyin,10511,1254,3420,2166,3420,2166,4
AA0195,多人PK,BV1tQ6RBqEdY,115876019831443,https://www.bilibili.com/video/av115876019831443,https://www.bilibili.com/video/BV1tQ6RBqEdY,1,直播pk自爆ssh,douyin,46,0,46,46,46,46,3
AA0196,多人PK,BV1tdDRBcES1,116392942633115,https://www.bilibili.com/video/av116392942633115,https://www.bilibili.com/video/BV1tdDRBcES1,1,连上孙恩盛了误入高端局，三打一结尾才艺［小狼卷卷/孙恩盛/亦十二/志龙798］,douyin,1299,120,1020,900,1020,900,2
AA0197,多人PK,BV1tyPYzTEUF,116186901842145,https://www.bilibili.com/video/av116186901842145,https://www.bilibili.com/video/BV1tyPYzTEUF,1,2025抖音直播盛典红毯  各大主播悉数登场,douyin,656,0,656,656,656,656,3
AA0198,多人PK,BV1ueX3B5EK8,116303872464070,https://www.bilibili.com/video/av116303872464070,https://www.bilibili.com/video/BV1ueX3B5EK8,1,一加一 26.3.27 pk集锦（公主裙+眼镜+双马尾）,douyin,1971,180,1800,1620,1800,1620,1
AA0199,多人PK,BV1ufe7ziEqo,115081518060880,https://www.bilibili.com/video/av115081518060880,https://www.bilibili.com/video/BV1ufe7ziEqo,1,震惊！某音头部颜值主播未P视频流出，榜一大哥……,douyin,852,0,852,852,852,852,3
AA0200,多人PK,BV1ujo8BVESm,116451092532065,https://www.bilibili.com/video/av116451092532065,https://www.bilibili.com/video/BV1ujo8BVESm,1,【华华华】2026.4.22 直播录屏（中）：5个低保户组队勇闯拉圈，鼠的很惨！查手机，查房,douyin,4818,1200,3900,2700,3900,2700,3
AA0201,多人PK,BV1ut2PBCE1Z,115504001916207,https://www.bilibili.com/video/av115504001916207,https://www.bilibili.com/video/BV1ut2PBCE1Z,1,11/06晚上 PK懲罰局,douyin,3553,360,1800,1440,1800,1440,2
AA0202,多人PK,BV1v4o9BXEst,116465940302960,https://www.bilibili.com/video/av116465940302960,https://www.bilibili.com/video/BV1v4o9BXEst,1,六指导4.25直播录屏,douyin,4467,900,2700,1800,2700,1800,4
AA0203,多人PK,BV1wBX8BWEnt,116298117810408,https://www.bilibili.com/video/av116298117810408,https://www.bilibili.com/video/BV1wBX8BWEnt,1,263027  8人PK局,douyin,2954,900,2700,1800,2700,1800,3
AA0204,多人PK,BV1wP411s7j8,317264862,https://www.bilibili.com/video/av317264862,https://www.bilibili.com/video/BV1wP411s7j8,1,世纪大战！秀才pk一笑倾城（近四十分钟全过程）,douyin,2307,120,2040,1920,2040,1920,1
AA0205,多人PK,BV1whoEBPE6m,116460303158167,https://www.bilibili.com/video/av116460303158167,https://www.bilibili.com/video/BV1whoEBPE6m,1,4.24直播 元软三来 VS 朱阳饶澈（上）总榜 公会赛众人火力凶猛 三哥读秒反超 拿下胜利,douyin,1767,420,1560,1140,1560,1140,2
AA0206,多人PK,BV1x8XEBFE3g,116290668727431,https://www.bilibili.com/video/av116290668727431,https://www.bilibili.com/video/BV1x8XEBFE3g,1,3.25直播  八人组队总榜 换了假发的元元立马对味  软元组合天下无敌,douyin,1213,360,1080,720,1080,720,1
AA0207,带货,BV1xa4y1V7MU,655399424,https://www.bilibili.com/video/av655399424,https://www.bilibili.com/video/BV1xa4y1V7MU,1,英语跨境直播-逼单,douyin,69,0,69,69,69,69,4
AA0208,多人PK,BV1xedDBtErA,116443559559844,https://www.bilibili.com/video/av116443559559844,https://www.bilibili.com/video/BV1xedDBtErA,1,4.21直播 元龙姜 VS 控盛铭（四）五分钟千纸鹤助力  7400+ 一己之力再次扳回一局 元宝们凝聚力太强了,douyin,1067,120,480,360,480,360,4
AA0209,多人PK,BV1yJ5czbEiA,114486463697782,https://www.bilibili.com/video/av114486463697782,https://www.bilibili.com/video/BV1yJ5czbEiA,1,李知恩华华华思凡队长杰尼龟过程局 李知恩好尖锐 惩罚真心话 你最近有没有偷吃 上次身体打架是什么时候,douyin,1141,300,900,600,900,600,4
AA0210,多人PK,BV1yJoqBWEa5,116472500259443,https://www.bilibili.com/video/av116472500259443,https://www.bilibili.com/video/BV1yJoqBWEa5,1,SK-F企划20260426第二场（第一次pk）回放存档,douyin,8045,2640,5340,2700,5340,2700,3
AA0211,多人PK,BV1yWFieAEC3,113929812448824,https://www.bilibili.com/video/av113929812448824,https://www.bilibili.com/video/BV1yWFieAEC3,1,谁想出拿爱豆以前的直播录屏来打pk的。。。已笑疯,douyin,167,0,167,167,167,167,3
AA0212,多人PK,BV1yo4y1z7xq,395584065,https://www.bilibili.com/video/av395584065,https://www.bilibili.com/video/BV1yo4y1z7xq,1,2023.03.05控哥深夜连麦pk,douyin,3975,360,2700,2340,2700,2340,4
AA0213,多人PK,BV1yuo9BNEi7,116466141627640,https://www.bilibili.com/video/av116466141627640,https://www.bilibili.com/video/BV1yuo9BNEi7,1,4.25直播 又入皮套窝 和V.S姐连线  黄庚依现场加油笑翻全场 众人讨论比赛其乐融融,douyin,1889,420,1380,960,1380,960,3
AA0214,多人PK,BV1zEo6BQEs6,116474496816548,https://www.bilibili.com/video/av116474496816548,https://www.bilibili.com/video/BV1zEo6BQEs6,1,4月26日硬刚AI 抖音赵葫芦《葫芦好声音》直播录屏,douyin,7047,540,3240,2700,3240,2700,2
AA0215,多人PK,BV1zFnWzAEs8,115259926911590,https://www.bilibili.com/video/av115259926911590,https://www.bilibili.com/video/BV1zFnWzAEs8,1,AAAA Vs 渔夫 25年最强PK,douyin,650,0,650,650,650,650,3
AA0216,多人PK,BV1zXZ9BfE5T,116092513095800,https://www.bilibili.com/video/av116092513095800,https://www.bilibili.com/video/BV1zXZ9BfE5T,1,青你团建PK局！施展、菠萝咕噜肉（丁飞俊）、秦牛正威、林凡（詹林岚）四人直播PK连麦录屏cut2026.2.19,douyin,642,0,642,642,642,642,3
AA0217,多人PK,BV1zXrrBpExD,115904457214088,https://www.bilibili.com/video/av115904457214088,https://www.bilibili.com/video/BV1zXrrBpExD,1,800万秒榜孙恩盛和控组队娱乐局榜50 提前结束补分全掉,douyin,757,0,757,757,757,757,3
AA0218,多人PK,BV1zkoaBAE4Q,116451646111949,https://www.bilibili.com/video/av116451646111949,https://www.bilibili.com/video/BV1zkoaBAE4Q,1,三元组合!拿下!04.22#开心元元#三斤9237#张洵#小洲,douyin,1614,120,1260,1140,1260,1140,3
AA0219,多人PK,BV1zmNJzSEnR,114705557364558,https://www.bilibili.com/video/av114705557364558,https://www.bilibili.com/video/BV1zmNJzSEnR,1,三斤8人pk碾压试全胜，精彩刺激（连错wifi略有延迟）,douyin,1533,0,1140,1140,1140,1140,2
AA0220,多人PK,BV1zsoWBkE11,116446344514527,https://www.bilibili.com/video/av116446344514527,https://www.bilibili.com/video/BV1zsoWBkE11,1,2026.4.21.T.阴天12~13点《一笑倾城》,douyin,205,0,205,205,205,205,2
AA0221,多人PK,BV1zuofB6E7m,116469564246835,https://www.bilibili.com/video/av116469564246835,https://www.bilibili.com/video/BV1zuofB6E7m,1,260425PK局 (6),douyin,3384,180,2220,2040,2220,2040,3
AA0222,宠物,BV13d4y197dc,387947890,https://www.bilibili.com/video/av387947890,https://www.bilibili.com/video/BV13d4y197dc,1,随心一人养三狗0910中秋直播不完整录屏,unknown,2289,1320,2100,780,2100,780,3
AA0223,宠物,BV15HtHejEip,113162422656247,https://www.bilibili.com/video/av113162422656247,https://www.bilibili.com/video/BV15HtHejEip,1,哈仔十一直播录屏20240918,unknown,173,0,173,173,173,173,4
AA0224,宠物,BV18PvhB9Eqv,115806830596517,https://www.bilibili.com/video/av115806830596517,https://www.bilibili.com/video/BV18PvhB9Eqv,1,直播比作品搞笑多了，哈哈哈好家伙！,unknown,77,0,77,77,77,77,4
AA0225,宠物,BV19aQnBkETF,116408730066277,https://www.bilibili.com/video/av116408730066277,https://www.bilibili.com/video/BV19aQnBkETF,1,哈仔十一直播回放，晚8点就睡觉，会养生的猪猪十一,unknown,250,0,250,250,250,250,3
AA0226,聊天室,BV19n9SB8Eow,116486475616715,https://www.bilibili.com/video/av116486475616715,https://www.bilibili.com/video/BV19n9SB8Eow,1,胖兰b站开播，表示不小心漏的扔子，秒破防下播跑路,unknown,1081,660,1020,360,1020,360,2
AA0227,游戏,BV1AW4y16741,940570047,https://www.bilibili.com/video/av940570047,https://www.bilibili.com/video/BV1AW4y16741,1,【抵抗Resistance】昨晚水族馆鲨老师的直播xiu片段！可可爱爱的隐形鲨不能说自己不行～,unknown,740,0,740,740,740,740,4
AA0228,宠物,BV1AeR7BxEir,116504846733569,https://www.bilibili.com/video/BV1AeR7BxEir/?spm_id_from=333.337.search-card.all.click,https://www.bilibili.com/video/BV1AeR7BxEir,1,黑妞被小丁批评立刻转头生气。豫西小丁直播5月2日,douyin,1560,420,1440,1020,1440,1020,4
AA0229,宠物,BV1Fr421G7kN,1403342996,https://www.bilibili.com/video/av1403342996,https://www.bilibili.com/video/BV1Fr421G7kN,1,直播间人少啥都敢播系列,unknown,93,0,93,93,93,93,3
AA0230,宠物,BV1Fv7UzvErB,114612745801374,https://www.bilibili.com/video/av114612745801374,https://www.bilibili.com/video/BV1Fv7UzvErB,1,老板别放葱25.6.2下午宠物医院做烘焙老师的一天直播录屏-千言万语祝你我都能越来越好,unknown,2916,1380,2520,1140,2520,1140,4
AA0231,宠物,BV1GgRKBGE5n,116497229810731,https://www.bilibili.com/video/BV1GgRKBGE5n/?spm_id_from=333.337.search-card.all.click,https://www.bilibili.com/video/BV1GgRKBGE5n,1,黑豹在医院开粉丝见面会，超级宠粉随便摸,douyin,1020,180,900,720,900,720,3
AA0232,宠物,BV1LjDQBcEhH,116391113922046,https://www.bilibili.com/video/av116391113922046,https://www.bilibili.com/video/BV1LjDQBcEhH,1,哈仔十一直播回放，看看美猪十一！～～,unknown,245,0,245,245,245,245,2
AA0233,宠物,BV1Mgo2BHE2s,116479244638825,https://www.bilibili.com/video/av116479244638825,https://www.bilibili.com/video/BV1Mgo2BHE2s,1,哈仔十一直播回放，叶子住院，猪猪十一吃不下饭！,unknown,397,0,397,397,397,397,3
AA0234,聊天室,BV1QmZFBYEBt,116470637987646,https://www.bilibili.com/video/av116470637987646,https://www.bilibili.com/video/BV1QmZFBYEBt,1,猫姐嘻嘻20260425连麦部分内容,unknown,1497,180,900,720,900,720,3
AA0235,宠物,BV1Rad4BrEgY,116411766803603,https://www.bilibili.com/video/av116411766803603,https://www.bilibili.com/video/BV1Rad4BrEgY,1,哈仔十一直播回放，疯婆娘:  养生猪猪十一,unknown,510,0,510,510,510,510,1
AA0236,宠物,BV1UJQMBAEwP,116384604422247,https://www.bilibili.com/video/av116384604422247,https://www.bilibili.com/video/BV1UJQMBAEwP,1,(4/11)大户人家小杨直播录屏,unknown,3618,900,1800,900,1800,900,3
AA0237,宠物,BV1UyQpBGEdm,116394469425293,https://www.bilibili.com/video/av116394469425293,https://www.bilibili.com/video/BV1UyQpBGEdm,1,哈仔十一直播回放，叶子牧鸡，大哈被误认为疯婆娘的舅舅,unknown,166,0,166,166,166,166,4
AA0238,宠物,BV1WLK5eDEhG,113989874882487,https://www.bilibili.com/video/av113989874882487,https://www.bilibili.com/video/BV1WLK5eDEhG,1,不是…鸟搞直播？然后我竟然还看了一下午…😰,unknown,242,0,242,242,242,242,3
AA0239,宠物,BV1YdmTYvEHF,113317695787017,https://www.bilibili.com/video/av113317695787017,https://www.bilibili.com/video/BV1YdmTYvEHF,1,卖货直播看不太下去，太吵，宠物博主直播可以,unknown,361,0,361,361,361,361,4
AA0240,宠物,BV1awo2BoEGp,116479328584345,https://www.bilibili.com/video/av116479328584345,https://www.bilibili.com/video/BV1awo2BoEGp,1,哈仔十一直播回放，大哈:  叶子有心脏病，不严重但是治不好,unknown,323,0,323,323,323,323,3
AA0241,宠物,BV1choDBWEXm,116463843148003,https://www.bilibili.com/video/av116463843148003,https://www.bilibili.com/video/BV1choDBWEXm,1,(4/25)大户人家小杨直播录屏,unknown,3660,2100,3300,1200,3300,1200,2
AA0242,宠物,BV1cnvkBkE3c,115797552794160,https://www.bilibili.com/video/av115797552794160,https://www.bilibili.com/video/BV1cnvkBkE3c,1,直播比视频更搞笑哈哈哈哈,unknown,122,0,122,122,122,122,3
AA0243,宠物,BV1dMT9eQEMA,112559264892064,https://www.bilibili.com/video/av112559264892064,https://www.bilibili.com/video/BV1dMT9eQEMA,1,屋内有饿犬的今天最后面的直播录屏，本来想录个大狗出来的场景，结果睡着了，我都不知道是什么时候点的结束,unknown,2852,360,2400,2040,2400,2040,3
AA0244,宠物,BV1ewRwBwEE9,116510752316807,https://www.bilibili.com/video/BV1ewRwBwEE9/?spm_id_from=333.337.search-card.all.click,https://www.bilibili.com/video/BV1ewRwBwEE9,1,三【20260501直播】#豫西小丁,douyin,1497,360,1497,1137,1497,1137,3
AA0245,宠物,BV1fWrmBqEQX,115909155031296,https://www.bilibili.com/video/av115909155031296,https://www.bilibili.com/video/BV1fWrmBqEQX,1,1/17大户人家小杨直播回放,unknown,3638,360,2700,2340,2700,2340,2
AA0246,宠物,BV1hBBBBsERQ,115788660868999,https://www.bilibili.com/video/av115788660868999,https://www.bilibili.com/video/BV1hBBBBsERQ,1,无敌大笨猫直播回放，依旧很开门,unknown,49,0,49,49,49,49,2
AA0247,宠物,BV1hqQnBuEb8,116408746777870,https://www.bilibili.com/video/av116408746777870,https://www.bilibili.com/video/BV1hqQnBuEb8,1,哈仔十一直播回放，会养生的王子和十一！,unknown,250,0,250,250,250,250,3
AA0248,宠物,BV1jL6yBpE1v,115988209207041,https://www.bilibili.com/video/av115988209207041,https://www.bilibili.com/video/BV1jL6yBpE1v,1,(1/31)大户人家小杨直播录屏,unknown,3638,660,3300,2640,3300,2640,4
AA0249,宠物,BV1txDSBjEWE,116389906025279,https://www.bilibili.com/video/av116389906025279,https://www.bilibili.com/video/BV1txDSBjEWE,1,哈仔十一直播回放，看看晚上直播大哈有什么搞头？！,unknown,407,0,407,407,407,407,3
AA0250,宠物,BV1uS4y1z7hb,726776231,https://www.bilibili.com/video/av726776231,https://www.bilibili.com/video/BV1uS4y1z7hb,1,【ASAKI】ASAKI直播和猫打架，有本事你就咬，我把你毛打乱,unknown,391,0,391,391,391,391,3
AA0251,宠物,BV1z4ftYNEfB,113870018447412,https://www.bilibili.com/video/av113870018447412,https://www.bilibili.com/video/BV1z4ftYNEfB,1,千川流浪狗狗幼儿园 直播录屏 治愈向3,unknown,6419,360,3060,2700,3060,2700,3
AA0252,室外,BV12Z9zBsEDp,116479748020191,https://www.bilibili.com/video/av116479748020191,https://www.bilibili.com/video/BV12Z9zBsEDp,1,2026年4月28号子心个播早上拉流场直播录屏弹幕版,douyin,2549,360,2549,2189,2549,2189,4
AA0253,聊天室,BV131o2BtEm1,116479127264167,https://www.bilibili.com/video/av116479127264167,https://www.bilibili.com/video/BV131o2BtEm1,1,2026年4月27日子心个播娱乐直播录屏,douyin,8368,4500,6300,1800,6300,1800,3
AA0254,多人PK,BV16Ko1BNEKE,116478137340937,https://www.bilibili.com/video/av116478137340937,https://www.bilibili.com/video/BV16Ko1BNEKE,1,2026-4-28 凌晨 迪士尼在逃公主直播录屏,douyin,3936,360,2400,2040,2400,2040,3
AA0255,室外,BV17vcJeyEPu,113803060576790,https://www.bilibili.com/video/av113803060576790,https://www.bilibili.com/video/BV17vcJeyEPu,1,【弹幕版】床哥户外直播精彩回放｜与粉丝一起聊明年的规划【带床去旅行】,douyin,7324,3600,6300,2700,6300,2700,1
AA0256,室外,BV18m421J7Aa,1602697858,https://www.bilibili.com/video/av1602697858,https://www.bilibili.com/video/BV18m421J7Aa,1,带床去旅行，床哥直播，偶尔直播一次还是蛮不错的,douyin,4119,900,2700,1800,2700,1800,3
AA0257,多人PK,BV1DyoyBJEnJ,116478305114012,https://www.bilibili.com/video/av116478305114012,https://www.bilibili.com/video/BV1DyoyBJEnJ,1,【林兴羽】20260427直播录屏,douyin,14765,3600,6300,2700,6300,2700,4
AA0258,室外,BV1Gco2BtE7z,116477533356163,https://www.bilibili.com/video/av116477533356163,https://www.bilibili.com/video/BV1Gco2BtE7z,1,【刘聪】小肥肥 2026年4月27日 武汉户外直播回放 弹幕版,douyin,5397,1800,3600,1800,3600,1800,2
AA0259,室外,BV1HMZsYoE5U,114258075453884,https://www.bilibili.com/video/av114258075453884,https://www.bilibili.com/video/BV1HMZsYoE5U,1,【羊配苏户外直播|带弹幕】年度抗抑郁视频,douyin,688,0,688,688,688,688,3
AA0260,室外,BV1JP4y1R7PT,902893656,https://www.bilibili.com/video/av902893656,https://www.bilibili.com/video/BV1JP4y1R7PT,1,（苹果界面版）2022.11.24峰哥户外坐摩托吃一脸土 峰哥亡命天涯直播录屏,douyin,3182,720,2520,1800,2520,1800,4
AA0261,室外,BV1Lt4y1M7Tb,987164869,https://www.bilibili.com/video/av987164869,https://www.bilibili.com/video/BV1Lt4y1M7Tb,1,峰哥2022.11.2户外直播，一天三播节目效果爆炸,douyin,3585,900,3180,2280,3180,2280,3
AA0262,聊天室,BV1Ti6dBqEXm,115875264861267,https://www.bilibili.com/video/av115875264861267,https://www.bilibili.com/video/BV1Ti6dBqEXm,1,神秘园鳌太线双雄小牟、陈某放四年后复盘当日细节！【1217直播弹幕版】,douyin,452,0,452,452,452,452,3
AA0263,室外,BV1Up4y1G7oX,956612158,https://www.bilibili.com/video/av956612158,https://www.bilibili.com/video/BV1Up4y1G7oX,1,【陶三丰直播录屏】抖音直播片段2023.7.30（21:36-22:00）,douyin,1449,120,1500,1380,1449,1329,3
AA0264,室外,BV1Y9vSeCEk8,112879944729196,https://www.bilibili.com/video/av112879944729196,https://www.bilibili.com/video/BV1Y9vSeCEk8,1,陶三丰草根之旅2024年7月26日直播,douyin,2404,720,2404,1684,2404,1684,3
AA0265,室外,BV1YRoCB9Eko,116476694560810,https://www.bilibili.com/video/av116476694560810,https://www.bilibili.com/video/BV1YRoCB9Eko,1,龙浩天0427直播录屏,douyin,6498,0,2700,2700,2700,2700,3
AA0266,多人PK,BV1Zao2BKEk7,116479076866720,https://www.bilibili.com/video/av116479076866720,https://www.bilibili.com/video/BV1Zao2BKEk7,1,[刘狗剩子]今夜直播录屏，开心快乐每一天,douyin,5315,1800,4200,2400,4200,2400,3
AA0267,室外,BV1bCPyziEhZ,116177472914999,https://www.bilibili.com/video/av116177472914999,https://www.bilibili.com/video/BV1bCPyziEhZ,1,2026年3月5日晚上KIV太子音符直播录屏 玩climber animals攀爬动物+看阿哲贵州vlog（494m）,douyin,9933,420,3120,2700,3120,2700,3
AA0268,聊天室,BV1cmoiBjEgq,116472584143575,https://www.bilibili.com/video/av116472584143575,https://www.bilibili.com/video/BV1cmoiBjEgq,1,高手过招绕晕了丨20260427直播录屏小陪分,douyin,3899,360,2700,2340,2700,2340,3
AA0269,聊天室,BV1dBo2BwENR,116479009756468,https://www.bilibili.com/video/av116479009756468,https://www.bilibili.com/video/BV1dBo2BwENR,1,2026.4.27 喜悦X Leo 个播直播录屏,douyin,2174,180,1500,1320,1500,1320,3
AA0270,室外,BV1da4y1V723,655495414,https://www.bilibili.com/video/av655495414,https://www.bilibili.com/video/BV1da4y1V723,1,【小黑粉】 2023.04.19下午户外直播带弹幕版本 缺前面6分钟,douyin,1886,0,1500,1500,1500,1500,3
AA0271,室外,BV1gP411A75L,304811648,https://www.bilibili.com/video/av304811648,https://www.bilibili.com/video/BV1gP411A75L,1,（手机界面版）20221106峰哥长沙街头充当战地记者fans only视角 峰哥北上户外直播录屏,douyin,6342,360,3000,2640,3000,2640,3
AA0272,室外,BV1hdyuYaE2c,113325430021848,https://www.bilibili.com/video/av113325430021848,https://www.bilibili.com/video/BV1hdyuYaE2c,1,在公园的一场直播回放，后面超搞笑,douyin,5684,2280,3240,960,3240,960,3
AA0273,聊天室,BV1hm421J7EC,1602734645,https://www.bilibili.com/video/av1602734645,https://www.bilibili.com/video/BV1hm421J7EC,1,【浆糊cp】4.4直播录屏，压马路高甜，三步一个吻受不了你们给子了,douyin,3295,2100,3000,900,3000,900,3
AA0274,室外,BV1io4y147yv,397935479,https://www.bilibili.com/video/av397935479,https://www.bilibili.com/video/BV1io4y147yv,1,【录屏】20230426小羽（绅士y）拍外景直播,douyin,1620,420,1260,840,1260,840,3
AA0275,室外,BV1nVd1BqEBZ,116440690723457,https://www.bilibili.com/video/av116440690723457,https://www.bilibili.com/video/BV1nVd1BqEBZ,1,4.20晚上直播录屏,douyin,2563,360,900,540,900,540,3
AA0276,室外,BV1pms2eRE6e,113185088802828,https://www.bilibili.com/video/av113185088802828,https://www.bilibili.com/video/BV1pms2eRE6e,1,【oldba1】9.22晚户外直播录屏 白野kll 后半段录屏带弹幕,douyin,4184,300,2700,2400,2700,2400,4
AA0277,带货,BV1wi4y1Y7aG,537574961,https://www.bilibili.com/video/av537574961,https://www.bilibili.com/video/BV1wi4y1Y7aG,1,23 1220⑧,douyin,1937,360,1800,1440,1800,1440,2
AA0278,带货,BV1wm4y1T7v6,703314336,https://www.bilibili.com/video/av703314336,https://www.bilibili.com/video/BV1wm4y1T7v6,1,东方小韩新疆行外景直播录屏1,douyin,2064,1560,2064,504,2064,504,2
AA0279,室外,BV1wu4y1976G,829726945,https://www.bilibili.com/video/av829726945,https://www.bilibili.com/video/BV1wu4y1976G,1,【陶三丰直播录屏】抖音直播片段2023.8.12（13:34-13:55）,douyin,1257,600,1200,600,1200,600,3
AA0280,游戏,BV1zEgizGE9S,114887288165483,https://www.bilibili.com/video/av114887288165483,https://www.bilibili.com/video/BV1zEgizGE9S,1,凌晨3点的b站,douyin,156,0,156,156,156,156,4
AA0281,聊天室,BV11cHLzWEUQ,115310577389707,https://www.bilibili.com/video/av115310577389707,https://www.bilibili.com/video/BV11cHLzWEUQ,1,【直播录屏】如何理性看待煮蜡（2025.10.3）,unknown,551,0,551,551,551,551,3
AA0282,带货,BV11dpEzTE6s,115197129858957,https://www.bilibili.com/video/av115197129858957,https://www.bilibili.com/video/BV11dpEzTE6s,1,2025.9.13带货 迪士尼在逃公主直播录屏,douyin,21232,300,3000,2700,3000,2700,3
AA0283,聊天室,BV14ooxBbEkM,116448911431793,https://www.bilibili.com/video/av116448911431793,https://www.bilibili.com/video/BV14ooxBbEkM,1,4/22 幸章力連麥直播,douyin,694,0,694,694,694,694,3
AA0284,聊天室,BV14v9BBHEbR,116480318445030,https://www.bilibili.com/video/av116480318445030,https://www.bilibili.com/video/BV14v9BBHEbR,1,劉芃林的首次連麥就被招攬入超牛XD,unknown,513,0,513,513,513,513,3
AA0285,带货,BV15pQUBWE7B,116290517864596,https://www.bilibili.com/video/av116290517864596,https://www.bilibili.com/video/BV15pQUBWE7B,1,20260325【六指导直播录屏】带货篇,douyin,5294,0,1200,1200,1200,1200,4
AA0286,带货,BV16f9gBwEAY,116341017287985,https://www.bilibili.com/video/av116341017287985,https://www.bilibili.com/video/BV16f9gBwEAY,1,路遥女包直播录屏—20260403—助眠用,douyin,10421,0,2400,2400,2400,2400,3
AA0287,带货,BV1CQccz8ESV,116035755712390,https://www.bilibili.com/video/av116035755712390,https://www.bilibili.com/video/BV1CQccz8ESV,1,【直播录屏】毕业S级 且末近矿青白玉 手镯牌子手串（2026.1.25）,unknown,377,0,377,377,377,377,2
AA0288,游戏,BV1Ds4dzoESA,114976526177988,https://www.bilibili.com/video/av114976526177988,https://www.bilibili.com/video/BV1Ds4dzoESA,1,【小弋直播回放】8.5 引起恐惧噩梦难度 嫂子聚会 二连抓版 全程切片 自存版,unknown,3381,360,3060,2700,3060,2700,3
AA0289,带货,BV1FMd8BRELH,116411867340216,https://www.bilibili.com/video/av116411867340216,https://www.bilibili.com/video/BV1FMd8BRELH,1,20260415【六指导直播录屏】带货篇,douyin,5498,0,1200,1200,1200,1200,2
AA0290,带货,BV1GpKMeQEmG,114002524900995,https://www.bilibili.com/video/av114002524900995,https://www.bilibili.com/video/BV1GpKMeQEmG,1,带货天才,douyin,57,0,57,57,57,57,3
AA0291,带货,BV1Gz4y1H78t,572584382,https://www.bilibili.com/video/av572584382,https://www.bilibili.com/video/BV1Gz4y1H78t,1,爆笑直播通马桶，大型翻车现场,douyin,769,0,769,769,769,769,3
AA0292,室外,BV1Ka9BBWEYn,116480419040399,https://www.bilibili.com/video/av116480419040399,https://www.bilibili.com/video/BV1Ka9BBWEYn,1,426岸喻张寒面基直播回放,unknown,2025,720,1620,900,1620,900,3
AA0293,带货,BV1NP4y1e7Rp,904751183,https://www.bilibili.com/video/av904751183,https://www.bilibili.com/video/BV1NP4y1e7Rp,1,2023.1.4 孙一宁直播带货录屛全程有弹幕版 晚上场,douyin,15398,180,2880,2700,2880,2700,3
AA0294,带货,BV1NY2ZY8EYD,113310968126262,https://www.bilibili.com/video/av113310968126262,https://www.bilibili.com/video/BV1NY2ZY8EYD,1,直播带货见多了，家暴型的直播带货还是第一次见,douyin,133,0,133,133,133,133,2
AA0295,带货,BV1PeWczpEmc,115241388154630,https://www.bilibili.com/video/av115241388154630,https://www.bilibili.com/video/BV1PeWczpEmc,1,第一次见换装如此丝滑的抖音直播,unknown,76,0,76,76,76,76,1
AA0296,带货,BV1PmGAzwErL,114823048272740,https://www.bilibili.com/video/av114823048272740,https://www.bilibili.com/video/BV1PmGAzwErL,1,【直播录屏】碧玉实物鉴定。北极玉？加碧/明星合作要翻多少倍利润？（2025.7.8）,unknown,687,0,687,687,687,687,3
AA0297,带货,BV1Poe3zCErP,115062123601695,https://www.bilibili.com/video/av115062123601695,https://www.bilibili.com/video/BV1Poe3zCErP,1,丝丝沈 8.20 韩妆直播回放,unknown,5832,360,3060,2700,3060,2700,3
AA0298,聊天室,BV1S1oyBUE4D,116478355445206,https://www.bilibili.com/video/av116478355445206,https://www.bilibili.com/video/BV1S1oyBUE4D,1,【朱怡欣直播回放】20260428 小话痨展示美丽！9号休假哦 一个月能回几次家？又要开始忙起来了 好随意的外务 身体大不如前开始养生了 毕业发展想想 讨厌压力,unknown,3831,240,2400,2160,2400,2160,3
AA0299,带货,BV1SZ421H7o2,1155366416,https://www.bilibili.com/video/av1155366416,https://www.bilibili.com/video/BV1SZ421H7o2,1,045 抖音电商实战5月10号线下现场打号录屏，从100多人录的，总共41分钟,unknown,2472,600,2100,1500,2100,1500,3
AA0300,带货,BV1UN411n7KP,491011255,https://www.bilibili.com/video/av491011255,https://www.bilibili.com/video/BV1UN411n7KP,1,节目效果之直播带货,douyin,30,0,30,30,30,30,3
AA0301,聊天室,BV1dedSBBErr,116442334828403,https://www.bilibili.com/video/av116442334828403,https://www.bilibili.com/video/BV1dedSBBErr,1,【乐呵兄弟直播切片】我们单位就没有姓朱的！20260421卖货直播开场完整版！明天钓鱼租酥酥应该能来解说！小杨跟朱来顺学的一身假大牌！张斌张锋岩搞笑视频电子榨菜,unknown,1223,630,1020,390,1020,390,3
AA0302,带货,BV1fM4m1B7r3,1305233020,https://www.bilibili.com/video/av1305233020,https://www.bilibili.com/video/BV1fM4m1B7r3,1,k总0527直播带货（下）爆笑,douyin,2426,220,1560,1340,1560,1340,3
AA0303,带货,BV1hm4y1P7ng,703348593,https://www.bilibili.com/video/av703348593,https://www.bilibili.com/video/BV1hm4y1P7ng,1,230908戴蒙预热带货直播录屏全程【弹幕版】 | 9月9日首场带货,douyin,5731,360,2700,2340,2700,2340,3
AA0304,带货,BV1kVeazYEDe,115073163005620,https://www.bilibili.com/video/av115073163005620,https://www.bilibili.com/video/BV1kVeazYEDe,1,比嘎子带货还离谱的直播间，很难想象主播憋笑有多难受，3.9的红酒，每件东西都免费送给家人吗，苹果牌和暴力熊牌鞋子，布加迪手表更是重量级!,douyin,1225,0,1225,1225,1225,1225,2
AA0305,带货,BV1m1ohBGER2,116452199896220,https://www.bilibili.com/video/av116452199896220,https://www.bilibili.com/video/BV1m1ohBGER2,1,20260422Hannah连麦答疑直播回放,douyin,10507,900,3600,2700,3600,2700,4
AA0306,带货,BV1pgkBBEEDb,115527104073797,https://www.bilibili.com/video/av115527104073797,https://www.bilibili.com/video/BV1pgkBBEEDb,1,【直播录屏】碧玉夹层料 粉青/粉绿 讲解。如何判断价值高低？（2025.11.9）,unknown,216,0,216,216,216,216,4
AA0307,带货,BV1rG411R77W,405757250,https://www.bilibili.com/video/av405757250,https://www.bilibili.com/video/BV1rG411R77W,1,230909早上戴蒙准备带货直播录屏全程【弹幕版】 | 十点首场带货,douyin,4106,900,3300,2400,3300,2400,3
AA0308,带货,BV1ryyVYxEvX,113344606375972,https://www.bilibili.com/video/av113344606375972,https://www.bilibili.com/video/BV1ryyVYxEvX,1,英语跨境直播-水晶,unknown,56,0,56,56,56,56,1
AA0309,带货,BV1szNReYEre,113978734809866,https://www.bilibili.com/video/av113978734809866,https://www.bilibili.com/video/BV1szNReYEre,1,倩倩带货直播录屏,douyin,1938,0,780,780,780,780,3
AA0310,室外,BV1vEoLByE6s,116458038232821,https://www.bilibili.com/video/av116458038232821,https://www.bilibili.com/video/BV1vEoLByE6s,1,妙妙汽车ceo阿正直播逛北京车展，到尚界展台遭驱赶！,unknown,888,0,888,888,888,888,3
AA0311,带货,BV1wQFszREFe,116030538061066,https://www.bilibili.com/video/av116030538061066,https://www.bilibili.com/video/BV1wQFszREFe,1,【直播录屏】近矿青白玉和且末蓝 原石。泛色率/脱青度/倒色（2026.2.7）（标题可能有错别字）,unknown,492,0,492,492,492,492,3
AA0312,聊天室,BV1yL411i7cM,444590445,https://www.bilibili.com/video/av444590445,https://www.bilibili.com/video/BV1yL411i7cM,1,抖音直播【马扁现场起号】直播教程，从个位数拉到200人！直播运营，主播话术,unknown,1461,0,660,660,660,660,3
AA0313,聊天室,BV12toCBGE8Q,116477063661555,https://www.bilibili.com/video/av116477063661555,https://www.bilibili.com/video/BV12toCBGE8Q,1,2026.04.27 T.clover个播,unknown,2274,900,1800,900,1800,900,4
AA0314,聊天室,BV16o2FYoEcR,113257331295720,https://www.bilibili.com/video/av113257331295720,https://www.bilibili.com/video/BV16o2FYoEcR,1,小帅李鑫和平精英直播录屏回放10.05晚场（露脸但迟到版,unknown,4273,0,1800,1800,1800,1800,3
AA0315,聊天室,BV17UXDBTEA6,116312864987898,https://www.bilibili.com/video/av116312864987898,https://www.bilibili.com/video/BV17UXDBTEA6,1,打野到古早游戏主播 被叶老师刷到过那图鲁 不体面的出圈了,unknown,742,0,742,742,742,742,3
AA0316,聊天室,BV1Hy4y157eZ,805040701,https://www.bilibili.com/video/av805040701,https://www.bilibili.com/video/BV1Hy4y157eZ,1,8月25直播完整版,unknown,5714,1200,3900,2700,3900,2700,3
AA0317,聊天室,BV1LtohB9Eis,116452451424297,https://www.bilibili.com/video/av116452451424297,https://www.bilibili.com/video/BV1LtohB9Eis,1,三打白骨婶——婶婶4.22直播录屏（因为当时在火车上太卡了 所以只录了开头和结尾）,unknown,5190,1200,2400,1200,2400,1200,3
AA0318,游戏,BV1MZozBKE46,116474798671680,https://www.bilibili.com/video/av116474798671680,https://www.bilibili.com/video/BV1MZozBKE46,1,【313·伏星】2026.4.26 晚9点直播录屏（游戏 唱歌）,unknown,4633,1320,4020,2700,4020,2700,3
AA0319,聊天室,BV1Pvo1BjEes,116477818702937,https://www.bilibili.com/video/av116477818702937,https://www.bilibili.com/video/BV1Pvo1BjEes,1,2026.4.27晚大白录屏(2）,unknown,9498,3600,6300,2700,6300,2700,4
AA0320,游戏,BV1RRJYzpE9A,114541677514596,https://www.bilibili.com/video/av114541677514596,https://www.bilibili.com/video/BV1RRJYzpE9A,1,【暴0战士】2025-05-20 直播回放完整版*（路匹+人才市场五排*苏苏大王等）,unknown,11126,1800,4500,2700,4500,2700,3
AA0321,游戏,BV1RboMB9Epj,116454263364219,https://www.bilibili.com/video/av116454263364219,https://www.bilibili.com/video/BV1RboMB9Epj,1,【双高胎直播之胡闹厨房】26.4.23，游戏直播2⃣全程      这个游戏太好玩了 我真不行了哈哈哈哈哈哈哈,unknown,2233,360,2040,1680,2040,1680,3
AA0322,聊天室,BV1Vfo1BfEiy,116477550139646,https://www.bilibili.com/video/av116477550139646,https://www.bilibili.com/video/BV1Vfo1BfEiy,1,大冰直播回放录屏分享2026.4.27-4.28《全集》！共两段！,unknown,6953,240,1500,1260,1500,1260,3
AA0323,多人PK,BV1X8o6BVE4Y,116474446348403,https://www.bilibili.com/video/av116474446348403,https://www.bilibili.com/video/BV1X8o6BVE4Y,1,T.宸 2026年4月26日 20：30-01：00 直播录屏（上）,unknown,6748,360,1200,840,1200,840,2
AA0324,游戏,BV1YVoCBQEG1,116476946156383,https://www.bilibili.com/video/av116476946156383,https://www.bilibili.com/video/BV1YVoCBQEG1,1,凌音排档录屏 26.4.27 萨满20点档《怀抱》,unknown,3522,360,2700,2340,2700,2340,3
AA0325,游戏,BV1a642137F1,1400328075,https://www.bilibili.com/video/av1400328075,https://www.bilibili.com/video/BV1a642137F1,1,［沧州郭美妮子直播录屏］郭老师就连吃鸡都很有意思｜30min+毫无操作的操作｜郭老师ASMR闲聊催眠,unknown,2261,1020,2100,1080,2100,1080,4
AA0326,游戏,BV1bpoCB1EGv,116477046818641,https://www.bilibili.com/video/av116477046818641,https://www.bilibili.com/video/BV1bpoCB1EGv,1,26.4.27 迷人小宝 直播 【游戏首播】,unknown,8444,600,3300,2700,3300,2700,3
AA0327,多人PK,BV1cWo2BkEpQ,116479429183057,https://www.bilibili.com/video/av116479429183057,https://www.bilibili.com/video/BV1cWo2BkEpQ,1,华华华   4.27 直播录屏   上  五菱宏光专场？,unknown,6454,1200,3900,2700,3900,2700,3
AA0328,多人PK,BV1dRo1BaEy8,116477600602240,https://www.bilibili.com/video/av116477600602240,https://www.bilibili.com/video/BV1dRo1BaEy8,1,T.野草个播4月27号,unknown,8853,300,3000,2700,3000,2700,3
AA0329,游戏,BV1dbzyBUE9y,115950695292504,https://www.bilibili.com/video/av115950695292504,https://www.bilibili.com/video/BV1dbzyBUE9y,1,1.24晚白露直播｜小露哥神秘id震惊露露！,unknown,44,0,44,44,44,44,3
AA0330,游戏,BV1ejo3B8Egv,116456461179753,https://www.bilibili.com/video/av116456461179753,https://www.bilibili.com/video/BV1ejo3B8Egv,1,20260423摆摆直播录屏-招募双排/相亲房/三排/四排/点pw三保,unknown,14512,360,3060,2700,3060,2700,3
AA0331,多人PK,BV1gNo2BRETo,116479362072822,https://www.bilibili.com/video/av116479362072822,https://www.bilibili.com/video/BV1gNo2BRETo,1,【月亮不要吃小芝】林芝2026.4.27直播录屏,unknown,3878,900,3300,2400,3300,2400,2
AA0332,游戏,BV1gsdDBeE8G,116443995701909,https://www.bilibili.com/video/av116443995701909,https://www.bilibili.com/video/BV1gsdDBeE8G,1,【人榜对局】2026.4.21大果冻和装酱双排,unknown,7715,360,3060,2700,3060,2700,4
AA0333,游戏,BV1igo1BaEkt,116478087005266,https://www.bilibili.com/video/av116478087005266,https://www.bilibili.com/video/BV1igo1BaEkt,1,【赵太阳】2026/04/27-28，葵葵上麦和阳阳随机接歌,unknown,1734,120,1380,1260,1380,1260,3
AA0334,室外,BV1k7oYBuEv6,116453609112204,https://www.bilibili.com/video/av116453609112204,https://www.bilibili.com/video/BV1k7oYBuEv6,1,2026.04.23下午鹿卡个播，鹿卡带大家逛公司啦！！！这个突然出现的群演老师怎么骗我们卡子…,unknown,4146,360,2700,2340,2700,2340,3
AA0335,游戏,BV1nRSSBYEBy,116352694162934,https://www.bilibili.com/video/av116352694162934,https://www.bilibili.com/video/BV1nRSSBYEBy,1,慢脚wcn团播 一个脚受伤一个哭的呼吸性碱中毒,unknown,1207,180,1020,840,1020,840,1
AA0336,多人PK,BV1sBo1BVEnW,116477449474508,https://www.bilibili.com/video/av116477449474508,https://www.bilibili.com/video/BV1sBo1BVEnW,1,2026-4-27听潮阁T.UGLY直播录屏,unknown,9304,6300,9000,2700,9000,2700,4
AA0337,游戏,BV1wco1BzEae,116478120631028,https://www.bilibili.com/video/av116478120631028,https://www.bilibili.com/video/BV1wco1BzEae,1,【满汉-Ss】2026.04.27 个播录屏,unknown,4390,1200,3600,2400,3600,2400,3
AA0338,聊天室,BV1yg6MYzEo5,113584352789563,https://www.bilibili.com/video/av113584352789563,https://www.bilibili.com/video/BV1yg6MYzEo5,1,梵谷直播“梵谷pk到某X知名博主”,unknown,570,0,570,570,570,570,4
AA0341,聊天室,BV12Xd6BeEXf,116437301594888,https://www.bilibili.com/video/av116437301594888,https://www.bilibili.com/video/BV12Xd6BeEXf,1,4.20直播  元元看和陈伯连线前因,douyin,103,0,103,103,103,103,2
AA0342,聊天室,BV12v4y1V7r3,569354028,https://www.bilibili.com/video/av569354028,https://www.bilibili.com/video/BV12v4y1V7r3,1,情感连麦—情感问题分析1,douyin,377,0,377,377,377,377,3
AA0343,聊天室,BV1364y1R7FD,758437646,https://www.bilibili.com/video/av758437646,https://www.bilibili.com/video/BV1364y1R7FD,1,天天的一天到晚 直播录屏 两性关系问题以及一些聊天,douyin,1470,0,540,540,540,540,3
AA0344,聊天室,BV139oTBUEAh,116454380799819,https://www.bilibili.com/video/av116454380799819,https://www.bilibili.com/video/BV139oTBUEAh,1,【听潮阁-语音厅考核】20260423   19:04-21:23   考官：久浊，泽屿,douyin,8322,240,2940,2700,2940,2700,3
AA0346,聊天室,BV14ooxBbERz,116448911432539,https://www.bilibili.com/video/av116448911432539,https://www.bilibili.com/video/BV14ooxBbERz,1,欢迎大家都来直播间一起聊天吧,douyin,68,0,68,68,68,68,3
AA0347,聊天室,BV154obB2E6d,116449481856439,https://www.bilibili.com/video/av116449481856439,https://www.bilibili.com/video/BV154obB2E6d,1,【木头直播录屏】20260421晚聊天,douyin,4407,900,1500,600,1500,600,4
AA0348,聊天室,BV15bdVBTEy5,116420004416359,https://www.bilibili.com/video/av116420004416359,https://www.bilibili.com/video/BV15bdVBTEy5,1,2026.4.17，T.美式开播（与T.Ai一起，美式好好说说吧，别让Ai再哭了）,douyin,2608,0,1800,1800,1800,1800,3
AA0349,聊天室,BV161PfzhECr,116202621962467,https://www.bilibili.com/video/av116202621962467,https://www.bilibili.com/video/BV161PfzhECr,1,抖音-聊天室,douyin,93,0,93,93,93,93,3
AA0350,聊天室,BV168411p7oo,221383858,https://www.bilibili.com/video/av221383858,https://www.bilibili.com/video/BV168411p7oo,1,12月16日  顶流社天下第一   语音厅第一,douyin,3936,900,3600,2700,3600,2700,5
AA0351,聊天室,BV16LDGBtE1f,116349489648078,https://www.bilibili.com/video/av116349489648078,https://www.bilibili.com/video/BV16LDGBtE1f,1,Npc聊天交友直播录屏,douyin,748,0,748,748,748,748,2
AA0352,聊天室,BV17GDJBCE2t,116370696050810,https://www.bilibili.com/video/av116370696050810,https://www.bilibili.com/video/BV17GDJBCE2t,1,嫂子语音厅,douyin,2861,0,1440,1440,1440,1440,4
AA0353,聊天室,BV17MoFBTEQr,116431563854947,https://www.bilibili.com/video/av116431563854947,https://www.bilibili.com/video/BV17MoFBTEQr,1,T.西瓜&T.游戈 听潮阁语音厅考核 2026.04.19 19:00-21:00,douyin,7139,120,2820,2700,2820,2700,1
AA0354,聊天室,BV17sd1BFENj,116440841721165,https://www.bilibili.com/video/av116440841721165,https://www.bilibili.com/video/BV17sd1BFENj,1,2026.4.20语音厅公屏版录屏,douyin,5381,240,2700,2460,2700,2460,3
AA0355,聊天室,BV18541197WK,469020299,https://www.bilibili.com/video/av469020299,https://www.bilibili.com/video/BV18541197WK,1,來吧營業中 鬼鬼吳映潔IG直播 (feat. 炎亞綸 楊銘威 庹宗康 姚元浩 顏佑庭),douyin,3593,360,1500,1140,1500,1140,4
AA0356,聊天室,BV18a4y1m7xE,666043019,https://www.bilibili.com/video/av666043019,https://www.bilibili.com/video/BV18a4y1m7xE,1,我蓉卖货到深夜，开始和网友聊天，吐露心声,douyin,1047,225,900,675,900,675,4
AA0357,聊天室,BV19BovBYEHh,116471393028827,https://www.bilibili.com/video/av116471393028827,https://www.bilibili.com/video/BV19BovBYEHh,1,T.阿布ᴮᵁ—––个播录屏 26.04.25 聊天 连麦pk聊天,douyin,6815,600,3300,2700,3300,2700,3
AA0358,聊天室,BV19FoZBoEpr,116468104565911,https://www.bilibili.com/video/av116468104565911,https://www.bilibili.com/video/BV19FoZBoEpr,1,4.23直播剪辑 尬聊小故事,douyin,1014,300,900,600,900,600,3
AA0359,聊天室,BV19gw6zRExs,116252299303425,https://www.bilibili.com/video/av116252299303425,https://www.bilibili.com/video/BV19gw6zRExs,1,胖兰失恋后化身女强人在聊天室咨询如何做自媒体 被叫多读书犟嘴别人因听不懂人话装傻充愣引起聊天室混乱 见缝插针炫耀谈过06年小男生 指责私生粉 获得建议走cp路线,douyin,2219,240,1560,1320,1560,1320,3
AA0360,聊天室,BV19w9TBkEVf,116339641419576,https://www.bilibili.com/video/av116339641419576,https://www.bilibili.com/video/BV19w9TBkEVf,1,4.2萱萱连线圆圆直播录屏,douyin,484,0,484,484,484,484,3
AA0361,聊天室,BV1CbQhBsEXg,116397908688923,https://www.bilibili.com/video/av116397908688923,https://www.bilibili.com/video/BV1CbQhBsEXg,1,玩具阅读女主播,douyin,663,0,663,663,663,663,3
AA0362,聊天室,BV1Cf421B77M,1205954073,https://www.bilibili.com/video/av1205954073,https://www.bilibili.com/video/BV1Cf421B77M,1,孙澈辰浸式语音厅,douyin,1073,180,840,660,840,660,4
AA0363,聊天室,BV1CpQPByEXT,116380946993614,https://www.bilibili.com/video/av116380946993614,https://www.bilibili.com/video/BV1CpQPByEXT,1,20260410北京炒家连线直播回放,douyin,2613,540,1440,900,1440,900,3
AA0364,聊天室,BV1DPc6exEDL,113833427338126,https://www.bilibili.com/video/av113833427338126,https://www.bilibili.com/video/BV1DPc6exEDL,1,1.15-1.16，雪音个播（从序老师第一次进入到个播结束，前面雪音谈自己的故事不太方便发录屏出来）,douyin,3189,0,2700,2700,2700,2700,3
AA0365,聊天室,BV1E2oeBuEpv,116471762127973,https://www.bilibili.com/video/av116471762127973,https://www.bilibili.com/video/BV1E2oeBuEpv,1,【T.清】2026.4.26个播录屏（电台）少几分钟,douyin,3316,1200,2100,900,2100,900,3
AA0366,聊天室,BV1EaovBqEwN,116471191572938,https://www.bilibili.com/video/av116471191572938,https://www.bilibili.com/video/BV1EaovBqEwN,1,T.西瓜&T.游戈 听潮阁语音厅考核 可可爱爱的两个人哟 2026.04.26 19:00-21:00,douyin,7042,3600,6300,2700,6300,2700,4
AA0367,聊天室,BV1F4421F7ge,1751099518,https://www.bilibili.com/video/av1751099518,https://www.bilibili.com/video/BV1F4421F7ge,1,［低频］240224晚直播回放录屏 弹幕版（四）聊天刷视频唱歌～• 蛋仔派对,douyin,11174,5400,7200,1800,7200,1800,4
AA0368,聊天室,BV1Ft6YYNES7,113737730102514,https://www.bilibili.com/video/av113737730102514,https://www.bilibili.com/video/BV1Ft6YYNES7,1,语音厅直播录屏,douyin,1523,120,1500,1380,1500,1380,3
AA0369,聊天室,BV1GN411U7C6,488326104,https://www.bilibili.com/video/av488326104,https://www.bilibili.com/video/BV1GN411U7C6,1,【力元君哲别/230710晚上不完整直播录屏】聊天/连麦,douyin,2734,180,2580,2400,2580,2400,4
AA0370,聊天室,BV1GP4y197Hs,903235217,https://www.bilibili.com/video/av903235217,https://www.bilibili.com/video/BV1GP4y197Hs,1,皮皮朱vx聊天关键词搜索,douyin,281,0,281,281,281,281,3
AA0371,聊天室,BV1Gm9EBrERV,116329507984708,https://www.bilibili.com/video/av116329507984708,https://www.bilibili.com/video/BV1Gm9EBrERV,1,4.1蔚星和二道门老师 震撼连线 全过程,douyin,1130,120,840,720,840,720,3
AA0372,聊天室,BV1GyoABuEwJ,116433426056884,https://www.bilibili.com/video/av116433426056884,https://www.bilibili.com/video/BV1GyoABuEwJ,1,恶心的男厅,douyin,265,0,265,265,265,265,2
AA0373,聊天室,BV1HNosBLE8M,116448257119661,https://www.bilibili.com/video/av116448257119661,https://www.bilibili.com/video/BV1HNosBLE8M,1,20260422 幸卓辉直播 章明伯连线part,douyin,740,0,740,740,740,740,2
AA0374,聊天室,BV1HW41187Kc,17456530,https://www.bilibili.com/video/av17456530,https://www.bilibili.com/video/BV1HW41187Kc,1,【鬼鬼吴映洁】ins直播卸妆12.20,douyin,528,0,528,528,528,528,4
AA0375,聊天室,BV1JuPmz4E62,116177825239508,https://www.bilibili.com/video/av116177825239508,https://www.bilibili.com/video/BV1JuPmz4E62,1,[存一下]奕雨聊天室部分录屏(连麦染详、柚子等等),douyin,3059,180,1980,1800,1980,1800,3
AA0376,聊天室,BV1Ki4y1y7xk,552315176,https://www.bilibili.com/video/av552315176,https://www.bilibili.com/video/BV1Ki4y1y7xk,1,九维 220314 直播录屏 自存 Pt.3 少爷连线 情感答疑,douyin,3679,1320,2880,1560,2880,1560,3
AA0377,聊天室,BV1LK1UBkEPo,115511601924664,https://www.bilibili.com/video/av115511601924664,https://www.bilibili.com/video/BV1LK1UBkEPo,1,鬼鬼吴映洁营业中直播6-1,douyin,3220,420,2880,2460,2880,2460,3
AA0378,聊天室,BV1LSDfBQEDg,116379437110443,https://www.bilibili.com/video/av116379437110443,https://www.bilibili.com/video/BV1LSDfBQEDg,1,小少焱语音厅4月10日,douyin,6594,0,1500,1500,1500,1500,3
AA0379,聊天室,BV1Lj421R7b7,1652554166,https://www.bilibili.com/video/av1652554166,https://www.bilibili.com/video/BV1Lj421R7b7,1,【直播回放】庞庞聊天室,douyin,3396,1800,3600,1800,3396,1596,3
AA0380,聊天室,BV1LoxKzfEVY,115320559830109,https://www.bilibili.com/video/av115320559830109,https://www.bilibili.com/video/BV1LoxKzfEVY,1,阿山直播录屏（10.4和10.5聊天部分）,douyin,2630,1500,2340,840,2340,840,3
AA0381,聊天室,BV1M9oqBcE6e,116473943032036,https://www.bilibili.com/video/av116473943032036,https://www.bilibili.com/video/BV1M9oqBcE6e,1,20260427讲李貌凌晨直播聊天(弹幕版),douyin,6079,360,3060,2700,3060,2700,4
AA0382,聊天室,BV1Mw411u7nx,278126738,https://www.bilibili.com/video/av278126738,https://www.bilibili.com/video/BV1Mw411u7nx,1,［低频］231108下午直播回放录屏 弹幕版 聊天室突袭• 蛋仔派对,douyin,1914,900,1500,600,1500,600,3
AA0383,聊天室,BV1NAFsztEmA,116028927381840,https://www.bilibili.com/video/av116028927381840,https://www.bilibili.com/video/BV1NAFsztEmA,1,2.7陈甜甜直播录屏,douyin,5329,1800,3600,1800,3600,1800,3
AA0384,聊天室,BV1PHdkBeEyr,116438274671189,https://www.bilibili.com/video/av116438274671189,https://www.bilibili.com/video/BV1PHdkBeEyr,1,拿下2:0,douyin,2639,900,2200,1300,2200,1300,2
AA0385,聊天室,BV1Pe411i7fQ,240751087,https://www.bilibili.com/video/av240751087,https://www.bilibili.com/video/BV1Pe411i7fQ,1,有情侣有好朋友也有老英雄大战！节目效果拉满｜梵谷 咿 Hola 和其正 万人迷PK完整直播录屏 1.5,douyin,1290,0,1080,1080,1080,1080,3
AA0386,聊天室,BV1QSojBGEWT,116459195860926,https://www.bilibili.com/video/av116459195860926,https://www.bilibili.com/video/BV1QSojBGEWT,1,【0423 jy戴士】问苍姐为什么叫李逵？转盘+闲聊；(京城大师赛赛后直播回放精彩切片),douyin,6715,600,3300,2700,3300,2700,3
AA0387,聊天室,BV1R7S5YhECH,113398511567190,https://www.bilibili.com/video/av113398511567190,https://www.bilibili.com/video/BV1R7S5YhECH,1,「20241030—31」男寝聊天室•控直播录屏 弹幕特效iPad版_3,douyin,4087,0,2700,2700,2700,2700,3
AA0388,聊天室,BV1Rc6pBHEYd,115991480636569,https://www.bilibili.com/video/av115991480636569,https://www.bilibili.com/video/BV1Rc6pBHEYd,1,［低频］260131晚直播回放录屏 弹幕版（中）小o聊天室,douyin,5966,900,2700,1800,2700,1800,3
AA0389,聊天室,BV1RpDYBVEX8,116361787349148,https://www.bilibili.com/video/av116361787349148,https://www.bilibili.com/video/BV1RpDYBVEX8,1,[口良茶·星仔直播间]妙音娘子把星仔搞直接挂断连线了,douyin,448,0,448,448,448,448,3
AA0390,聊天室,BV1SNPfeEEzR,113941204173066,https://www.bilibili.com/video/av113941204173066,https://www.bilibili.com/video/BV1SNPfeEEzR,1,键政圈不大，创造神话！（2月4日与胡律师连麦过后又与未明子连麦录屏）,douyin,629,0,629,629,629,629,3
AA0391,聊天室,BV1T2dVBRETY,116420071528497,https://www.bilibili.com/video/av116420071528497,https://www.bilibili.com/video/BV1T2dVBRETY,1,【药kis】2026-4-17「双人语音直播」明天要开半身，还要送花！,douyin,4534,240,1800,1560,1800,1560,3
AA0392,聊天室,BV1U6AozAEBe,116164822899708,https://www.bilibili.com/video/av116164822899708,https://www.bilibili.com/video/BV1U6AozAEBe,1,季末 情感连麦3.2,douyin,5920,240,2940,2700,2940,2700,4
AA0393,聊天室,BV1UKDTBFEiF,116346100780241,https://www.bilibili.com/video/av116346100780241,https://www.bilibili.com/video/BV1UKDTBFEiF,1,语音厅老辈子人回归,douyin,3154,360,2700,2340,2700,2340,4
AA0394,聊天室,BV1Uco9B6EBD,116466158404300,https://www.bilibili.com/video/av116466158404300,https://www.bilibili.com/video/BV1Uco9B6EBD,1,好脾气与坏脾气十万粉丝q&a直播,douyin,4010,1800,2700,900,2700,900,3
AA0395,聊天室,BV1V74Fe1ErT,113248405820160,https://www.bilibili.com/video/av113248405820160,https://www.bilibili.com/video/BV1V74Fe1ErT,1,［低频］241004下午直播回放录屏 弹幕版（上）O哥聊天室&听歌唱歌 •蛋仔派对,douyin,8431,1200,2400,1200,2400,1200,3
AA0396,聊天室,BV1VM4m1f7Hz,1303708607,https://www.bilibili.com/video/av1303708607,https://www.bilibili.com/video/BV1VM4m1f7Hz,1,［低频］240426下午直播回放录屏 弹幕版 O哥聊天室• 蛋仔派对,douyin,1264,540,1140,600,1140,600,3
AA0397,聊天室,BV1VooeBaE2G,116471913122529,https://www.bilibili.com/video/av116471913122529,https://www.bilibili.com/video/BV1VooeBaE2G,1,20260426沫宸晚上直播聊天(弹幕版),douyin,1796,240,1500,1260,1500,1260,3
AA0398,聊天室,BV1XJSFBVErj,115633035483871,https://www.bilibili.com/video/av115633035483871,https://www.bilibili.com/video/BV1XJSFBVErj,1,快总直播聊天  11.29,douyin,2314,180,1800,1620,1800,1620,3
AA0399,聊天室,BV1XVFDz1EV9,116044882510457,https://www.bilibili.com/video/av116044882510457,https://www.bilibili.com/video/BV1XVFDz1EV9,1,hellotina陈甜甜直播录屏存档2026.2.9,douyin,3076,420,1320,900,1320,900,3
AA0400,聊天室,BV1XroZBfEoV,116469799132556,https://www.bilibili.com/video/av116469799132556,https://www.bilibili.com/video/BV1XroZBfEoV,1,【娜塔莎一家直播录屏】“娜斯佳 娜迦 带货助播啦”4 月 25 日 大郎 娜塔莎哈国直播带货聊天片段分享（二）,douyin,5623,360,3060,2700,3060,2700,3
AA0401,聊天室,BV1Zw4m1d72e,1101709784,https://www.bilibili.com/video/av1101709784,https://www.bilibili.com/video/BV1Zw4m1d72e,1,［低频］240313晚直播回放录屏 弹幕版（二）O哥聊天室周年版～听歌唱歌• 蛋仔派对,douyin,4341,900,3600,2700,3600,2700,3
AA0402,聊天室,BV1aqcZzTEbc,116208057778582,https://www.bilibili.com/video/av116208057778582,https://www.bilibili.com/video/BV1aqcZzTEbc,1,抖音-聊天室,douyin,93,0,93,93,93,93,4
AA0403,聊天室,BV1caxdeSEti,113244429616270,https://www.bilibili.com/video/av113244429616270,https://www.bilibili.com/video/BV1caxdeSEti,1,【重磅】杉erp和型男机长疯狂詹姆士史诗级连麦聊天直播录屏！,douyin,542,0,542,542,542,542,3
AA0404,聊天室,BV1d1421i7Jz,1554990655,https://www.bilibili.com/video/av1554990655,https://www.bilibili.com/video/BV1d1421i7Jz,1,安静和她爹爹5.20语音厅聊天,douyin,2929,900,2700,1800,2700,1800,4
AA0405,聊天室,BV1dSSYYHE79,113392991866677,https://www.bilibili.com/video/av113392991866677,https://www.bilibili.com/video/BV1dSSYYHE79,1,「20241029—30」男寝聊天室•控直播录屏 弹幕特效iPad版_5,douyin,3076,0,1800,1800,1800,1800,3
AA0406,聊天室,BV1dpoMBZEvY,116454062033943,https://www.bilibili.com/video/av116454062033943,https://www.bilibili.com/video/BV1dpoMBZEvY,1,【宝剑嫂】纯聊天！写日记拆快递！,douyin,10566,360,3060,2700,3060,2700,2
AA0407,聊天室,BV1dx4y1E7TQ,1005413627,https://www.bilibili.com/video/av1005413627,https://www.bilibili.com/video/BV1dx4y1E7TQ,1,单良直播片段：你骗她就算了，你连我也骗！！,douyin,1357,360,900,540,900,540,3
AA0408,聊天室,BV1eV41197Va,411052926,https://www.bilibili.com/video/av411052926,https://www.bilibili.com/video/BV1eV41197Va,1,［低频］240111上午直播回放录屏 弹幕版（上）o哥聊天室～换个话题!• 蛋仔派对,douyin,5343,900,2700,1800,2700,1800,3
AA0409,聊天室,BV1ek4y1N79A,742946812,https://www.bilibili.com/video/av742946812,https://www.bilibili.com/video/BV1ek4y1N79A,1,hellotina陈甜甜｜20230701直播自录,douyin,6159,360,2100,1740,2100,1740,2
AA0410,聊天室,BV1eyoqBTEbd,116472231826785,https://www.bilibili.com/video/av116472231826785,https://www.bilibili.com/video/BV1eyoqBTEbd,1,【木头直播录屏】20260426下午聊天,douyin,3119,900,2700,1800,2700,1800,4
AA0411,聊天室,BV1f2opBBEKK,116446965270309,https://www.bilibili.com/video/av116446965270309,https://www.bilibili.com/video/BV1f2opBBEKK,1,【王柯】260422 某音 来聊天吧,douyin,1971,1080,1800,720,1800,720,4
AA0412,聊天室,BV1fg4y1H7jC,822104269,https://www.bilibili.com/video/av822104269,https://www.bilibili.com/video/BV1fg4y1H7jC,1,2.4hellotina陈甜甜直播谈家常,douyin,1341,540,1341,801,1341,801,3
AA0413,聊天室,BV1fy421e73c,1551680032,https://www.bilibili.com/video/av1551680032,https://www.bilibili.com/video/BV1fy421e73c,1,“情感主播”单良直播片段，吃瓜吃瓜吃瓜！,douyin,1268,120,1020,900,1020,900,2
AA0414,聊天室,BV1gYbXeAE4R,112790673033346,https://www.bilibili.com/video/av112790673033346,https://www.bilibili.com/video/BV1gYbXeAE4R,1,【24.7.15晚8:00-9:00】刘佳梁首次做客顶流社语音厅,douyin,3594,240,1800,1560,1800,1560,3
AA0415,聊天室,BV1hQWKzLEwn,115227177852515,https://www.bilibili.com/video/av115227177852515,https://www.bilibili.com/video/BV1hQWKzLEwn,1,【子圣】直播录屏 9月19日 深夜粉丝情感连线,douyin,13399,1200,3900,2700,3900,2700,4
AA0416,聊天室,BV1hg411T7fK,504104251,https://www.bilibili.com/video/av504104251,https://www.bilibili.com/video/BV1hg411T7fK,1,2021.7.10直播回放,douyin,1598,360,1800,1440,1598,1238,1
AA0417,聊天室,BV1hhdCBjEzv,116439600078157,https://www.bilibili.com/video/av116439600078157,https://www.bilibili.com/video/BV1hhdCBjEzv,1,20260420喜悦X尼克语音厅录屏,douyin,5136,360,3060,2700,3060,2700,3
AA0418,聊天室,BV1i9h5zhEBX,114965822315370,https://www.bilibili.com/video/av114965822315370,https://www.bilibili.com/video/BV1i9h5zhEBX,1,【聊点什么叭】250803 小说 情感闲聊直播全程录屏,douyin,14516,4500,7200,2700,7200,2700,1
AA0419,聊天室,BV1iCo8B9E2h,116450991800455,https://www.bilibili.com/video/av116450991800455,https://www.bilibili.com/video/BV1iCo8B9E2h,1,｜20260422｜罗杰直播录屏分享（弹幕版）,douyin,5993,4200,5100,900,5100,900,3
AA0420,聊天室,BV1iVZuYMEgf,114231097688258,https://www.bilibili.com/video/av114231097688258,https://www.bilibili.com/video/BV1iVZuYMEgf,1,【Binbo】2025.3.27 binbo直播录屏语音厅（前半段没录上）,douyin,4164,360,2700,2340,2700,2340,2
AA0421,聊天室,BV1iY411i7yR,266766476,https://www.bilibili.com/video/av266766476,https://www.bilibili.com/video/BV1iY411i7yR,1,黑粉连线，直播效果拉满。,douyin,211,0,211,211,211,211,3
AA0422,聊天室,BV1k34y1M7US,832374065,https://www.bilibili.com/video/av832374065,https://www.bilibili.com/video/BV1k34y1M7US,1,10.17梵谷&老年人 连麦聊天 特别惬意,douyin,3232,900,1500,600,1500,600,3
AA0423,聊天室,BV1k5iZBRE85,115843925017111,https://www.bilibili.com/video/av115843925017111,https://www.bilibili.com/video/BV1k5iZBRE85,1,【语音厅】爱波直播自存,douyin,3810,180,2880,2700,2880,2700,3
AA0424,聊天室,BV1kXdeBgEQW,116415541549908,https://www.bilibili.com/video/av116415541549908,https://www.bilibili.com/video/BV1kXdeBgEQW,1,【木头直播录屏】20260416晚聊天,douyin,2259,360,2040,1680,2040,1680,3
AA0425,聊天室,BV1kp4y187NC,972519811,https://www.bilibili.com/video/av972519811,https://www.bilibili.com/video/BV1kp4y187NC,1,【一起同过窗】4.8直播全回顾 分part之 海洋居然睡过直播时间/任逸帆不会连线自己开了直播/聊天室大型混乱现场,douyin,4140,1800,3600,1800,3600,1800,3
AA0426,聊天室,BV1ksdQBWEmj,116443006047555,https://www.bilibili.com/video/av116443006047555,https://www.bilibili.com/video/BV1ksdQBWEmj,1,4.21蔚星和Selovan连线全程,douyin,438,0,438,438,438,438,3
AA0427,聊天室,BV1m6xdzXED4,115334132532431,https://www.bilibili.com/video/av115334132532431,https://www.bilibili.com/video/BV1m6xdzXED4,1,【拿拿nah直播录屏】20251007—1008瑞拿聊天局弹幕版,douyin,5797,4500,5797,1297,5797,1297,4
AA0428,聊天室,BV1oL4xzHECu,115353963202938,https://www.bilibili.com/video/av115353963202938,https://www.bilibili.com/video/BV1oL4xzHECu,1,开火车惩罚之《打针》 给在场所有人听爽了,douyin,211,0,211,211,211,211,3
AA0429,聊天室,BV1otogBAEw3,116454850561080,https://www.bilibili.com/video/av116454850561080,https://www.bilibili.com/video/BV1otogBAEw3,1,许嵩 汪苏泷 余良直播连线,douyin,221,0,221,221,221,221,4
AA0430,聊天室,BV1pPoiB1E4g,116471174861213,https://www.bilibili.com/video/av116471174861213,https://www.bilibili.com/video/BV1pPoiB1E4g,1,2026.4.26 【听潮阁 T.西瓜＆ T.游戈 | 语音厅考核】直播录屏,douyin,7036,1800,2700,900,2700,900,3
AA0431,聊天室,BV1pT411o7CY,478474527,https://www.bilibili.com/video/av478474527,https://www.bilibili.com/video/BV1pT411o7CY,1,直播回放 ‖ 跟着Tina动起来！（后面有惊喜和粉丝连麦）,douyin,1402,90,1140,1050,1140,1050,2
AA0432,聊天室,BV1qN4y1X7R2,872985404,https://www.bilibili.com/video/av872985404,https://www.bilibili.com/video/BV1qN4y1X7R2,1,刺激真心话局，小太阳被孙一宁问到头皮发麻 直接出框,douyin,326,0,326,326,326,326,3
AA0433,聊天室,BV1qYqeBEExh,115730628482067,https://www.bilibili.com/video/av115730628482067,https://www.bilibili.com/video/BV1qYqeBEExh,1,柔姐被激怒开启抖音聊天室，惨遭封禁！,douyin,1124,90,630,540,630,540,4
AA0434,聊天室,BV1rig5znEjz,114892086452013,https://www.bilibili.com/video/av114892086452013,https://www.bilibili.com/video/BV1rig5znEjz,1,零距离语音厅午夜档小琳做罚视频,douyin,218,0,218,218,218,218,3
AA0435,聊天室,BV1rmoLBREv6,116460135450520,https://www.bilibili.com/video/av116460135450520,https://www.bilibili.com/video/BV1rmoLBREv6,1,【智命男孩】4.24直播录屏（有弹幕版）/牙痛版小智/沉浸式直播/无声聊天,douyin,1031,230,420,190,420,190,3
AA0436,聊天室,BV1s5oYB3EGc,116453709716010,https://www.bilibili.com/video/av116453709716010,https://www.bilibili.com/video/BV1s5oYB3EGc,1,听潮阁语音厅考核2026.04.23 16-19 T.古大力 T.陈锤锤 考核现场,douyin,8777,300,3000,2700,3000,2700,3
AA0437,聊天室,BV1sue9eKETU,112842934059582,https://www.bilibili.com/video/av112842934059582,https://www.bilibili.com/video/BV1sue9eKETU,1,7/24（語音廳）,douyin,9034,360,3060,2700,3060,2700,3
AA0438,聊天室,BV1tuFYzxEZy,116017435051204,https://www.bilibili.com/video/av116017435051204,https://www.bilibili.com/video/BV1tuFYzxEZy,1,［直播录屏］2.4花小雕直播聊天+连麦局,douyin,6800,1200,3900,2700,3900,2700,3
AA0439,聊天室,BV1uGojBBE6o,116459866947778,https://www.bilibili.com/video/av116459866947778,https://www.bilibili.com/video/BV1uGojBBE6o,1,【听潮阁】【听潮阁·语音考核厅】【黄亲国麒】20260424考核 黄麒Eros＆南知意,douyin,7297,240,2940,2700,2940,2700,4
AA0440,聊天室,BV1uSSmYUEh3,113420305171176,https://www.bilibili.com/video/av113420305171176,https://www.bilibili.com/video/BV1uSSmYUEh3,1,【柯淳】20241104凌晨直播录屏——深夜聊天局，心疼我霸总最长拍摄时间46小时……,douyin,2876,600,2400,1800,2400,1800,3
AA0441,聊天室,BV1virjYmE4j,113765899049927,https://www.bilibili.com/video/av113765899049927,https://www.bilibili.com/video/BV1virjYmE4j,1,2025.1.4左左情感答疑直播(连麦老师已打码),douyin,2911,230,2000,1770,2000,1770,3
AA0442,聊天室,BV1wwnDz2EvA,115277123557916,https://www.bilibili.com/video/av115277123557916,https://www.bilibili.com/video/BV1wwnDz2EvA,1,2025年09月27日听潮阁语音厅考核全程回放 考官：北夜、木木墩,douyin,7458,540,3240,2700,3240,2700,3
AA0443,聊天室,BV1wxojBfEQ9,116459447520083,https://www.bilibili.com/video/av116459447520083,https://www.bilibili.com/video/BV1wxojBfEQ9,1,2026/0424/直播录屏。晚饭时间聊聊天,douyin,1060,360,720,360,720,360,3
AA0444,聊天室,BV1xL1RYnEWn,113254630164261,https://www.bilibili.com/video/av113254630164261,https://www.bilibili.com/video/BV1xL1RYnEWn,1,【控】k皇20241005下午直播聊天录屏之控控直播突然入睡《上》,douyin,3631,360,2520,2160,2520,2160,4
AA0445,聊天室,BV1xXoYBLEow,116452954805535,https://www.bilibili.com/video/av116452954805535,https://www.bilibili.com/video/BV1xXoYBLEow,1,20260423听潮阁语音厅考核锤子陈享直播录屏,douyin,7185,240,2940,2700,2940,2700,3
AA0446,聊天室,BV1xx4y147xC,1006357635,https://www.bilibili.com/video/av1006357635,https://www.bilibili.com/video/BV1xx4y147xC,1,［低频］240724凌晨直播回放录屏 弹幕版（一）O哥聊天室，唱歌~超帅！五百天快乐～ •蛋仔派对,douyin,9943,3600,6300,2700,6300,2700,3
AA0447,宠物,BV1mY2NYUEgb,113277933787467,https://www.bilibili.com/video/av113277933787467,https://www.bilibili.com/video/BV1mY2NYUEgb,1,哈仔十一 2024年10月9日 直播回放,unknown,4007,720,1920,1200,1920,1200,3
AA0448,聊天室,BV161ocYnETh,114342783686571,https://www.bilibili.com/video/av114342783686571,https://www.bilibili.com/video/BV161ocYnETh,1,王六堡（晚上直播） 25年4月15号,douyin,4417,240,2700,2460,2700,2460,3
AA0449,室外,BV1AaZiBnE1G,116097730811451,https://www.bilibili.com/video/av116097730811451,https://www.bilibili.com/video/BV1AaZiBnE1G,1,【新春一小时特别版】直播间的弹幕可比在户外直播的女主播更吸引人,douyin,3631,0,1200,1200,1200,1200,3
AA0450,室外,BV1EXoLBHE1k,116460152161306,https://www.bilibili.com/video/av116460152161306,https://www.bilibili.com/video/BV1EXoLBHE1k,1,【徐生&龙浩天】2026.04.24直播录屏,douyin,15318,900,3600,2700,3600,2700,3
AA0451,室外,BV1GCXkBBEPG,116324877474359,https://www.bilibili.com/video/av116324877474359,https://www.bilibili.com/video/BV1GCXkBBEPG,1,赵朔2026-3-31直播录屏第二场爬泸山（特效版）,douyin,10812,2700,5400,2700,5400,2700,2
AA0452,聊天室,BV1Hro1B3EvQ,116477483026185,https://www.bilibili.com/video/av116477483026185,https://www.bilibili.com/video/BV1Hro1B3EvQ,1,吴纯一 20260427 直播录屏 今日份吃播 嘉宾含量满满，CP百花齐放。,douyin,10686,120,1800,1680,1800,1680,4
AA0453,室外,BV1Jv4y167jn,564376611,https://www.bilibili.com/video/av564376611,https://www.bilibili.com/video/BV1Jv4y167jn,1,徐云直播录屏2022.12.30-31片段【徐云流浪中国】全长42分钟,douyin,2579,1980,2340,360,2340,360,4
AA0454,室外,BV1L5djBVEkN,116420608268168,https://www.bilibili.com/video/av116420608268168,https://www.bilibili.com/video/BV1L5djBVEkN,1,2026.04.17   404k晚秋 外景直播合集,douyin,12027,240,2400,2160,2400,2160,3
AA0455,聊天室,BV1LUdqB6EZn,116417571588787,https://www.bilibili.com/video/av116417571588787,https://www.bilibili.com/video/BV1LUdqB6EZn,1,2026年4月16日 雨子耶  直播录屏,douyin,4253,0,2100,2100,2100,2100,2
AA0456,室外,BV1QEEwzXEri,114501378643144,https://www.bilibili.com/video/av114501378643144,https://www.bilibili.com/video/BV1QEEwzXEri,1,0513【祈颜】户外｜进行一个烤鱼的吃（带弹幕 吃播完整版）,douyin,3182,900,2700,1800,2700,1800,4
AA0457,室外,BV1TV4y1Y7PF,872154063,https://www.bilibili.com/video/av872154063,https://www.bilibili.com/video/BV1TV4y1Y7PF,1,【陶三丰直播录屏】抖音直播片段2023.8.12（19:29-20:38）,douyin,4182,360,2700,2340,2700,2340,3
AA0458,聊天室,BV1VMkQYmEsN,113705886944162,https://www.bilibili.com/video/av113705886944162,https://www.bilibili.com/video/BV1VMkQYmEsN,1,恋爱十周年直播回放—谈谈吵架、自媒体，带欧包出场,douyin,1122,180,720,540,720,540,2
AA0459,室外,BV1bm42157j2,1605420470,https://www.bilibili.com/video/av1605420470,https://www.bilibili.com/video/BV1bm42157j2,1,带床去旅行床哥沙漠直播片段录屏20240601,douyin,1710,0,1800,1800,1710,1710,4
AA0460,聊天室,BV1chZFBLERa,116470822539558,https://www.bilibili.com/video/av116470822539558,https://www.bilibili.com/video/BV1chZFBLERa,1,董邵辉 直播 连麦 随机PK 打野 20260426,douyin,6659,540,2100,1560,2100,1560,3
AA0461,室外,BV1hCqZYJEJE,113655689514731,https://www.bilibili.com/video/av113655689514731,https://www.bilibili.com/video/BV1hCqZYJEJE,1,【弹幕版】床哥户外直播精彩回放｜2024年12月15日【带床去旅行】,douyin,4701,600,3000,2400,3000,2400,3
AA0462,室外,BV1tq421P7Dk,1452521300,https://www.bilibili.com/video/av1452521300,https://www.bilibili.com/video/BV1tq421P7Dk,1,带床去旅行Ⅰ带粉丝们看风景偶尔聊聊天也挺不错的Ⅰ精彩直播回放弹幕版,douyin,4721,900,3600,2700,3600,2700,3
AA0463,游戏,BV11T4y1b7VH,924191932,https://www.bilibili.com/video/av924191932,https://www.bilibili.com/video/BV11T4y1b7VH,1,【肘子X木赖】20240123直播全程录屏,unknown,9067,3000,5400,2400,5400,2400,3
AA0464,游戏,BV16BorBoEsB,116475771821026,https://www.bilibili.com/video/av116475771821026,https://www.bilibili.com/video/BV16BorBoEsB,1,2026.4.27四月公会赛 喜悦X cut,unknown,11203,27,600,573,600,573,3
AA0465,游戏,BV17PoCBfEWv,116477248277183,https://www.bilibili.com/video/av116477248277183,https://www.bilibili.com/video/BV17PoCBfEWv,1,【猪葛卧龙】直播录像 2026.04.27（带弹幕）,unknown,21838,300,2700,2400,2700,2400,3
AA0466,游戏,BV1AGokBeErz,116475738201521,https://www.bilibili.com/video/av116475738201521,https://www.bilibili.com/video/BV1AGokBeErz,1,2026.4.27【月赛弹幕】喜悦X  星梦盛典 公会赛 月赛 第一天 直播录屏 直播回放 更新完,unknown,19893,1038,3738,2700,3738,2700,3
AA0467,游戏,BV1Emo1BTEo3,116477415916058,https://www.bilibili.com/video/av116477415916058,https://www.bilibili.com/video/BV1Emo1BTEo3,1,4月27日9277长弥和平精英巅峰赛直播回放,unknown,15652,12600,15300,2700,15300,2700,3
AA0468,游戏,BV1GPv1ehEfS,112876740150497,https://www.bilibili.com/video/av112876740150497,https://www.bilibili.com/video/BV1GPv1ehEfS,1,「DL.搭车」24.7.30个直播录屏20点-和平精英、pubg游戏。,unknown,23720,3600,6300,2700,6300,2700,4
AA0469,游戏,BV1JBorBoEEP,116475771748919,https://www.bilibili.com/video/av116475771748919,https://www.bilibili.com/video/BV1JBorBoEEP,1,【4月月赛】 2026/4/20 喜悦w星梦盛典公会赛团体考核 糯米团子诺亚 直播录屏 弹幕/清屏,unknown,33519,3600,6300,2700,6300,2700,4
AA0470,游戏,BV1KrJ5znEGV,114547465716070,https://www.bilibili.com/video/av114547465716070,https://www.bilibili.com/video/BV1KrJ5znEGV,1,【暴0战士】2025-05-21 直播回放完整版*（双排*极品大帅哥'苏苏大王）,unknown,7895,1200,3900,2700,3900,2700,3
AA0471,游戏,BV1M9XcBDECd,116279813999225,https://www.bilibili.com/video/av116279813999225,https://www.bilibili.com/video/BV1M9XcBDECd,1,【CV柒夜粉丝录屏】2026.03.23～24 抖音直播 游戏场《你画我猜》和《MIMESIS》,unknown,17250,3600,6300,2700,6300,2700,3
AA0472,游戏,BV1b2DjBXE3F,116369806858797,https://www.bilibili.com/video/av116369806858797,https://www.bilibili.com/video/BV1b2DjBXE3F,1,2026.4.8喜悦5V5团播之夜王者荣耀（小萝卜！太让麻麻有面儿了！！！,unknown,16022,2160,4860,2700,4860,2700,2
AA0473,聊天室,BV1xiomBpE2g,116478573543611,https://www.bilibili.com/video/av116478573543611,https://www.bilibili.com/video/BV1xiomBpE2g,1,张琦直播20260427,unknown,6655,2100,4800,2700,4800,2700,4
